Time,Time Code,Country Name,Region,Country Code,"Employers, female (% of female employment) (modeled ILO estimate) [SL.EMP.MPYR.FE.ZS]","Employers, male (% of male employment) (modeled ILO estimate) [SL.EMP.MPYR.MA.ZS]","Employment in industry, male (% of male employment) (modeled ILO estimate) [SL.IND.EMPL.MA.ZS]","Employment in industry, female (% of female employment) (modeled ILO estimate) [SL.IND.EMPL.FE.ZS]",GDP (current US$) [NY.GDP.MKTP.CD],GDP per capita (current US$) [NY.GDP.PCAP.CD],GDP per capita growth (annual %) [NY.GDP.PCAP.KD.ZG],"Labor force participation rate for ages 15-24, total (%) (national estimate) [SL.TLF.ACTI.1524.NE.ZS]","Life expectancy at birth, female (years) [SP.DYN.LE00.FE.IN]","Life expectancy at birth, male (years) [SP.DYN.LE00.MA.IN]","Literacy rate, adult female (% of females ages 15 and above) [SE.ADT.LITR.FE.ZS]","Literacy rate, adult male (% of males ages 15 and above) [SE.ADT.LITR.MA.ZS]","Population ages 65 and above, total [SP.POP.65UP.TO]",Population ages 65 and above (% of total population) [SP.POP.65UP.TO.ZS],"Population ages 65 and above, female (% of female population) [SP.POP.65UP.FE.ZS]","Population ages 65 and above, male (% of male population) [SP.POP.65UP.MA.ZS]",Population growth (annual %) [SP.POP.GROW],"Pupil-teacher ratio, tertiary [SE.TER.ENRL.TC.ZS]","Pupil-teacher ratio, secondary [SE.SEC.ENRL.TC.ZS]","Pupil-teacher ratio, primary [SE.PRM.ENRL.TC.ZS]","School enrollment, secondary (% gross) [SE.SEC.ENRR]","School enrollment, secondary, female (% gross) [SE.SEC.ENRR.FE]","School enrollment, secondary, male (% gross) [SE.SEC.ENRR.MA]",Start-up procedures to register a business (number) [IC.REG.PROC],"Unemployment, male (% of male labor force) (national estimate) [SL.UEM.TOTL.MA.NE.ZS]","Unemployment, female (% of female labor force) (national estimate) [SL.UEM.TOTL.FE.NE.ZS]",Urban population growth (annual %) [SP.URB.GROW],Urban population (% of total population) [SP.URB.TOTL.IN.ZS]
2018,YR2018,Afghanistan,Eastern Mediterranean,AFG,0.143000007,0.714999974,18.55400085,15.84399986,19362969582,520.8966027,-1.350178336,..,..,..,29.80521,55.47545,960879,2.58492694,2.851686767,2.332142655,2.3847611,21.52832,..,..,..,..,..,4,..,..,3.350382976,25.495
2018,YR2018,Albania,Europe,ALB,1.016000032,3.463000059,22.51799965,15.01500034,15058879129,5253.630064,4.26134228,..,..,..,97.76112,98.51362,393976,13.74473591,14.53874158,12.97889641,-0.246732042,14.06519,11.19927,17.57287,95.43233,95.70465,95.19122,5,..,..,1.317162104,60.319
2018,YR2018,Algeria,Africa,DZA,1.92900002,4.612999916,32.37200165,22.12100029,1.81E+11,4278.85006,0.070905214,..,..,..,75.32297,87.42296,2686782,6.362496545,6.57153172,6.157732191,2.00737383,27.2934,..,24.32018,..,..,..,12,..,..,2.804995677,72.629
2018,YR2018,American Samoa,Americas,ASM,..,..,..,..,..,..,..,..,..,..,..,..,..,..,..,..,-0.279065762,..,..,..,..,..,..,..,..,..,-0.299515835,87.153
2018,YR2018,Andorra,Europe,AND,..,..,..,..,3236543909,42029.76274,1.622746677,..,..,..,..,..,..,..,..,..,0.006493211,4.42958,8.01599,10.49757,..,..,..,..,..,..,-0.092859413,88.062
2018,YR2018,Angola,Africa,AGO,2.598999977,5.994999886,15.40600014,1.113999963,1.06E+11,3432.385736,-5.287779594,..,..,..,..,..,682859,2.216373648,2.430954692,1.997223494,3.276133875,..,..,..,..,..,..,7,..,..,4.311791342,65.514
2018,YR2018,Antigua and Barbuda,Americas,ATG,..,..,..,..,1623804016,16864.38336,3.99343927,..,..,..,..,..,8473,8.79982552,9.165112408,8.41034921,0.89718512,..,9.29704,12.40564,111.196,109.0701,113.2773,9,..,..,0.43158229,24.599
2018,YR2018,Argentina,Americas,ARG,2.461999893,4.815000057,31.8239994,8.975000381,5.18E+11,11652.56629,-3.499841931,39.40610123,..,..,99.06204,98.93774,4946805,11.11778888,12.83265779,9.316107913,1.015808349,..,..,..,..,..,..,11,8.202899933,10.50829983,1.147602159,91.87
2018,YR2018,Armenia,Europe,ARM,0.405999988,1.606999993,22.5529995,7.735000134,12433089919,4212.070943,4.95169918,..,..,..,..,..,332187,11.25381766,12.87714928,9.425752557,0.236306379,6.92216,8.01689,15.41859,83.15068,84.80038,81.72561,3,..,..,0.309165597,63.149
2018,YR2018,Aruba,Americas,ABW,..,..,..,..,..,..,..,..,..,..,97.81268,97.80013,14343,13.55094714,14.84119276,12.12682111,0.453575639,..,..,..,..,..,..,..,..,..,0.725179011,43.411
2018,YR2018,Australia,Western Pacific,AUS,4.105999947,7.914999962,29.56599998,7.576000214,1.43E+12,57305.29902,1.22813876,67.84880066,..,..,..,..,3912924,15.65647523,16.53895152,14.76752778,1.574848844,..,..,..,..,..,..,3,5.281199932,5.317900181,1.700488764,86.012
2018,YR2018,Austria,Europe,AUT,2.638000011,6.387000084,36.50500107,11.19499969,4.56E+11,51512.90548,2.154641004,56.65190125,..,..,..,..,1681076,19.00156646,21.2088049,16.71917573,0.560750838,..,..,..,..,..,..,8,5.020800114,4.651199818,0.909572158,58.297
2018,YR2018,Azerbaijan,Europe,AZE,10.84000015,15.41899967,22.29700089,5.975999832,46939529412,4721.178087,0.512193853,..,..,..,..,..,615946,6.195182751,7.221167663,5.164658172,0.892098895,9.92033,7.60984,15.42982,94.48008,94.53944,94.42806,3,4.099999905,5.800000191,1.499198781,55.68
2018,YR2018,"Bahamas, The",Americas,BHS,1.975999951,6.630000114,26.90099907,3.342000008,..,..,..,..,..,..,..,..,27988,7.257602357,7.949050239,6.524594015,1.010953344,..,..,..,..,..,..,7,..,..,1.131691081,83.025
2018,YR2018,Bahrain,Eastern Mediterranean,BHR,2.194000006,1.572000027,41.8390007,8.972999573,37746196809,24050.75751,-3.10970607,..,..,..,94.94888,98.76317,38080,2.426333878,3.091343187,2.045394484,4.921161372,21.85798,10.23948,11.92315,98.59907,101.696,95.81735,6,..,..,5.034331591,89.287
2018,YR2018,Bangladesh,South-East Asia,BGD,0.647000015,6.038000107,22.06200027,16.73699951,2.74E+11,1698.262802,6.737017522,..,..,..,71.18194,76.66926,8323375,5.15839064,5.168531846,5.1484971,1.050044649,37.11937,35.09524,30.05459,72.6906,78.27073,67.35348,9,..,..,3.185592834,36.632
2018,YR2018,Barbados,Americas,BRB,0.638999999,1.075000048,29.15399933,9.18500042,..,..,..,..,..,..,..,..,45297,15.80269396,17.12318131,14.38946039,0.142439723,..,17.93859,13.9917,103.7039,105.7529,101.764,8,..,..,0.104220958,31.147
2018,YR2018,Belarus,Europe,BLR,0.537,1.264999986,42.10100174,19.65800095,59662495092,6289.938553,3.189813054,..,..,..,99.72518,99.79398,1408120,14.84514817,18.72291582,10.39167019,-0.135674667,13.86492,8.56276,19.23259,102.4395,101.6907,103.1489,4,5.929999828,3.559999943,0.452596435,78.595
2018,YR2018,Belgium,Europe,BEL,2.484999895,5.418000221,30.89100075,8.451999664,5.32E+11,46556.09957,1.021233337,29.62599945,..,..,..,..,2146063,18.78874374,20.91318347,16.61286763,0.41154188,..,..,..,..,..,..,4,6.282899857,5.564400196,0.452363134,98.001
2018,YR2018,Belize,Americas,BLZ,4.684000015,7.965000153,18.56500053,8.137000084,1925000000,5025.1781,1.085338227,..,..,..,..,..,18144,4.736458777,4.5986696,4.873740815,1.92457577,..,16.72317,19.78332,85.37246,87.11591,83.65849,9,..,..,2.193970411,45.724
2018,YR2018,Benin,Africa,BEN,0.693000019,1.881999969,21.12100029,17.62999916,10358985583,901.9540522,3.975183596,..,..,..,31.07165,53.97703,373678,3.253605297,3.743285302,2.761950775,2.734862013,..,..,39.19712,..,..,..,6,..,..,3.89134693,47.312
2018,YR2018,Bermuda,Americas,BMU,..,..,..,..,..,..,..,..,..,..,..,..,..,..,..,..,0.147164731,14.53061,..,..,..,..,..,..,..,..,0.147056549,100
2018,YR2018,Bhutan,South-East Asia,BTN,0.059999999,0.130999997,10.22500038,9.107000351,2534965163,3360.266867,1.093903175,..,..,..,..,..,45286,6.003011713,5.752906206,6.225206973,1.176843395,15.59269,10.81456,34.66868,90.09468,95.71011,84.70749,8,..,..,2.97300923,40.895
2018,YR2018,Bolivia,Americas,BOL,1.853999972,6.130000114,30.0720005,9.937999725,40287647757,3548.59014,2.752155942,49.6167984,..,..,..,..,816512,7.191947392,7.76018453,6.628597228,1.421899486,..,..,..,..,..,..,14,3.455699921,3.626499891,1.920073682,69.425
2018,YR2018,Bosnia and Herzegovina,Europe,BIH,3.667000055,6.093999863,38.30599976,15.62699986,19781776101,5951.323299,3.921874904,32.11429977,..,..,..,..,547462,16.47031747,18.58478114,14.26931757,-0.826854592,9.3736,9.1229,16.92651,..,..,..,13,17.20610046,20.32600021,-0.059036093,48.245
2018,YR2018,Botswana,Africa,BWA,2.217000008,3.118999958,24.81100082,9.706000328,18616018903,8258.641666,2.18304965,..,..,..,..,..,95211,4.223874346,4.855211544,3.548920471,2.197675758,..,..,..,..,..,..,9,..,..,3.27767698,69.446
2018,YR2018,Brazil,Americas,BRA,3.220000029,5.842999935,27.70999908,10.57699966,1.87E+12,8920.762105,0.328069801,55.2582016,..,..,93.42507,93.00904,18690609,8.922837832,9.992227049,7.817416518,0.783847579,..,..,..,..,..,..,11,10.83810043,14.18929958,1.084638132,86.569
2018,YR2018,British Virgin Islands,Europe,VGB,..,..,..,..,..,..,..,..,..,..,..,..,..,..,..,..,0.757847309,..,..,..,..,..,..,..,..,..,1.566130583,47.723
2018,YR2018,Brunei Darussalam,Western Pacific,BRN,1.97300005,3.329999924,21.3390007,9.027999878,13567099498,31627.74208,-0.994680766,..,..,..,96.30126,98.05362,20904,4.873147568,5.209748806,4.561156372,1.051993743,12.41771,8.26843,9.89521,93.48278,94.59945,92.43452,3,..,..,1.461076738,77.629
2018,YR2018,Bulgaria,Europe,BGR,2.227999926,4.909999847,36.2879982,22.35400009,65132951116,9272.629304,3.840315458,23.68770027,..,..,..,..,1476625,21.02191443,24.39619023,17.45199847,-0.733767859,..,..,..,..,..,..,7,5.691599846,4.653800011,-0.280793034,75.008
2018,YR2018,Burkina Faso,Africa,BFA,0.321999997,0.952000022,32.10200119,34.09700012,14441763759,731.171717,3.499444399,..,..,..,32.68762,50.07459,475416,2.406980829,2.916987381,1.895022702,2.867078367,17.32014,23.11995,39.72173,40.70973,40.73,40.69022,3,..,..,4.984159818,29.358
2018,YR2018,Burundi,Africa,BDI,0.039000001,0.114,3.536000013,0.777999997,3078029929,275.4296033,-1.567053463,..,..,..,..,..,251104,2.24694046,2.503740562,1.985802802,3.166773442,..,26.59842,42.52383,48.46502,51.08968,45.84184,3,..,..,5.700086341,13.032
2018,YR2018,Cabo Verde,Africa,CPV,3.026000023,6.46999979,30.82500076,12.01299953,1986928612,3654.007345,4.303841247,32.59999847,..,..,..,..,25064,4.609327157,5.96682146,3.262407189,1.159766769,..,15.42052,21.07361,88.15511,92.49768,83.85197,8,12.65999985,11.55000019,1.878889791,65.732
2018,YR2018,Cambodia,Western Pacific,KHM,0.324000001,0.486000001,28.90099907,24.72800064,24571753583,1512.12671,5.929889607,..,..,..,..,..,742401,4.568680018,5.369353958,3.728493052,1.490355371,..,..,41.7035,..,..,..,9,..,..,3.25025074,23.388
2018,YR2018,Cameroon,Africa,CMR,2.33100009,3.780999899,17.31800079,10.47999954,38502059858,1526.875713,1.181905266,..,..,..,71.58627,82.62804,688120,2.728877355,3.029857221,2.427848863,2.612290751,..,..,44.83412,..,..,..,6,..,..,3.676933152,56.374
2018,YR2018,Canada,Americas,CAN,2.589999914,6.217000008,29.41300011,8.401000023,1.71E+12,46210.54762,0.452912515,63.33879852,..,..,..,..,6385985,17.23200668,18.52044784,15.92393286,1.409246617,..,..,..,..,..,..,2,6.137000084,5.492800236,1.484202357,81.411
2018,YR2018,Cayman Islands,Americas,CYM,..,..,..,..,..,..,..,..,..,..,..,..,..,..,..,..,1.241823478,..,10.9653,15.74725,..,..,..,..,..,..,1.241823478,100
2018,YR2018,Central African Republic,Africa,CAF,0.42899999,1.376000047,10.85200024,7.127999783,2379716827,509.9709748,2.767600008,..,..,..,25.75638,49.51459,131861,2.825773707,3.37701902,2.26502711,1.519051537,..,..,..,..,..,..,10,..,..,2.451736114,41.364
2018,YR2018,Chad,Africa,TCD,0.125,0.335999995,4.728000164,1.042000055,11302544205,730.2446076,-0.415664166,..,..,..,..,..,383929,2.480518944,2.692245773,2.268072516,3.023579699,..,..,..,..,..,..,8,..,..,3.899088343,23.059
2018,YR2018,Channel Islands,Europe,CHI,2.214999914,6.328000069,33.36899948,13.00599957,..,..,..,..,..,..,..,..,29492,17.29746216,18.684852,15.87864273,1.081493246,..,..,..,..,..,..,..,..,..,1.081565923,30.914
2018,YR2018,Chile,Americas,CHL,2.694000006,5.690000057,31.19599915,10.70800018,2.98E+11,15923.35906,2.587676494,33.66139984,..,..,..,..,2159435,11.52980166,12.9752809,10.04192919,1.391010541,..,..,..,..,..,..,7,6.693099976,7.986100197,1.475558447,87.564
2018,YR2018,China,Western Pacific,CHN,1.802000046,4.089000225,28.89599991,28.2670002,1.36E+13,9770.847088,6.115117072,..,..,..,95.15933,98.46654,152098421,10.92088354,11.88858142,10.00300838,0.455899679,..,13.25879,16.42675,..,..,..,4,..,..,2.491628201,59.152
2018,YR2018,Colombia,Americas,COL,2.476999998,5.236000061,23.36199951,13.82400036,3.30E+11,6651.291293,1.112276195,52.65599823,..,..,95.31892,94.85183,4209239,8.47804702,9.258012843,7.66841685,1.517270891,14.8453,..,..,97.50623,100.0915,95.03002,8,7.091599941,11.79349995,1.929120268,80.778
2018,YR2018,Comoros,Africa,COM,4.774000168,5.284999847,14.98200035,12.60900021,1203080508,1445.450809,0.523712698,..,..,..,52.95639,64.6442,25028,3.007009306,3.304096119,2.715835306,2.239170611,..,..,..,..,..,..,9,..,..,2.865855967,28.965
2018,YR2018,"Congo, Dem. Rep.",Africa,COD,1.082999945,2.869999886,16.27099991,4.385000229,47227535291,561.7771824,2.399910664,..,..,..,..,..,2537041,3.017840622,3.30648643,2.728064002,3.2266989,..,..,..,..,..,..,4,..,..,4.539824522,44.46
2018,YR2018,"Congo, Rep.",Africa,COG,0.541000009,1.638000011,22.29500008,22.22200012,11263682694,2147.769461,-1.549244028,..,..,..,74.61876,86.07651,140639,2.681719539,3.072719531,2.289535315,2.5817013,..,..,..,..,..,..,11,..,..,3.267004414,66.916
2018,YR2018,Costa Rica,Americas,CRI,2.328999996,5.159999847,23.53800011,9.800999641,60126014829,12026.54753,1.647829063,45.22090149,..,..,97.92443,97.80235,477439,9.549847673,10.22604465,8.873416562,0.994782258,..,12.42779,12.2047,132.8169,137.7495,128.1026,10,..,..,1.982741485,79.34
2018,YR2018,Cote d'Ivoire,Africa,CIV,1.149999976,2.552000046,8.07199955,3.621999979,43007045466,1715.531238,4.725692099,..,..,..,40.49937,53.65694,716715,2.858943015,2.725119743,2.990201788,2.552358861,..,27.28114,41.8223,51.02666,44.34893,57.71112,4,..,..,3.448461737,50.779
2018,YR2018,Croatia,Europe,HRV,3.303999901,6.144999981,37.16600037,13.32199955,60805659436,14869.09068,3.51149294,33.4939003,..,..,..,..,836096,20.44543301,23.72204792,16.91899015,-0.855405633,..,..,..,..,..,..,8,7.64470005,9.34070015,-0.362492009,56.947
2018,YR2018,Cuba,Americas,CUB,0.720000029,1.703999996,20.61199951,10.47799969,..,..,..,..,..,..,..,..,1721834,15.18621142,16.36696636,13.9898113,-0.009886496,..,9.63133,9.16029,101.1372,101.9492,100.3693,..,..,..,0.068028842,77.037
2018,YR2018,Curacao,Americas,CUW,..,..,..,..,..,..,..,29.84000015,..,..,..,..,26671,16.68489481,17.99141319,15.14904097,-0.20373479,..,..,..,..,..,..,..,11.30000019,15.38000011,-0.269116913,89.145
2018,YR2018,Cyprus,Europe,CYP,0.788999975,3.252000093,25.73500061,6.852000237,24469841832,28159.3017,2.745155679,39.20280075,..,..,..,..,163156,13.71906177,14.9528763,12.48657507,0.809225398,..,..,..,..,..,..,5,8.029000282,8.742199898,0.770313835,66.81
2018,YR2018,Czech Republic,Europe,CZE,1.582999945,4.369999886,48.92300034,23.97999954,2.45E+11,23078.57349,2.65491944,30.40640068,..,..,..,..,2063603,19.42087689,22.14659644,16.60601784,0.294597801,..,..,..,..,..,..,8,1.791900039,2.804199934,0.453281778,73.792
2018,YR2018,Denmark,Europe,DNK,1.503999949,4.552000046,27.43899918,8.819000244,3.52E+11,60726.46654,0.9213117,63.18389893,..,..,..,..,1148645,19.81295264,21.23020031,18.38004009,0.561579124,..,..,..,..,..,..,5,4.81799984,5.149400234,0.694828809,87.874
2018,YR2018,Djibouti,Eastern Mediterranean,DJI,1.519999981,2.821000099,10.78199959,4.554999828,1965982322,2050.204732,4.317508206,..,..,..,..,..,43416,4.527579378,4.953865054,4.144739971,1.557873607,..,25.41709,29.37453,51.45778,51.53135,51.39744,5,..,..,1.723901989,77.777
2018,YR2018,Dominica,Americas,DMA,..,..,..,..,503646211.1,7031.709754,0.298339687,..,..,..,..,..,..,..,..,..,0.233431052,..,..,..,..,..,..,5,..,..,0.661813154,70.483
2018,YR2018,Dominican Republic,Americas,DOM,1.975000024,4.399000168,25.75600052,9.512000084,81298585403,7650.072753,5.803116129,..,..,..,..,..,752703,7.082817476,7.524496641,6.641105493,1.078841148,..,..,..,..,..,..,7,..,..,2.066762457,81.074
2018,YR2018,Ecuador,Americas,ECU,1.631000042,3.944000006,23.73500061,11.03800011,1.08E+11,6344.871979,-0.397089903,43.9966011,..,..,..,..,1222777,7.157289727,7.695274811,6.619923863,1.765611201,..,..,..,..,..,..,11,2.915100098,4.379899979,2.002489629,63.821
2018,YR2018,"Egypt, Arab Rep.",Eastern Mediterranean,EGY,2.086999893,12.64299965,31.70199966,6.808000088,2.51E+11,2549.139458,3.194431298,..,..,..,..,..,5147337,5.229779346,5.843597289,4.628884361,2.033262176,..,15.16281,23.67945,87.91114,87.30088,88.4872,6,..,..,2.030921309,42.704
2018,YR2018,El Salvador,Americas,SLV,2.911000013,4.633999825,24.48399925,17.85300064,26056950000,4058.244652,2.016666951,46.3280983,..,..,..,..,532093,8.287090005,9.041929301,7.432398317,0.509367036,..,..,..,..,..,..,9,4.186699867,3.74819994,1.553344068,72.023
2018,YR2018,Equatorial Guinea,Africa,GNQ,1.034999967,2.26699996,19.85099983,10.74400043,13317453070,10173.96302,-6.43241382,..,..,..,..,..,32173,2.457877347,2.84304156,2.148533672,3.654506773,..,..,..,..,..,..,16,..,..,4.345814442,72.143
2018,YR2018,Eritrea,Africa,ERI,0.619000018,1.536000013,10.85099983,5.276000023,..,..,..,..,..,..,68.94619,84.37324,..,..,..,..,..,..,..,..,..,..,..,13,..,..,..,..
2018,YR2018,Estonia,Europe,EST,2.487999916,6.68599987,41.79999924,17.17300034,30284890757,22927.74442,3.590536274,47.32569885,..,..,..,..,259241,19.62635685,24.38081945,14.29377752,0.26532574,..,..,..,..,..,..,3,5.410600185,5.318600178,0.502234551,68.88
2018,YR2018,Eswatini,Africa,SWZ,1.552999973,2.622999907,24.87299919,23.76399994,4703787507,4139.961949,-0.3889351,..,..,..,88.54269,88.28758,45613,4.014587941,5.023813129,2.954518432,1.011798397,..,..,..,..,..,..,12,..,..,1.745532778,23.799
2018,YR2018,Ethiopia,Africa,ETH,0.172999993,0.853999972,12.87899971,10.98400021,84355462494,772.3122278,4.048070239,..,..,..,..,..,3824097,3.501132998,3.764257459,3.23818331,2.620013482,..,..,..,..,..,..,11,..,..,4.825930178,20.763
2018,YR2018,Faroe Islands,Europe,FRO,..,..,..,..,..,..,..,..,..,..,..,..,..,..,..,..,0.342876364,..,..,..,..,..,..,..,..,..,0.703448802,42.064
2018,YR2018,Fiji,Western Pacific,FJI,0.91900003,1.335000038,15.45600033,8.175000191,5479504926,6202.162267,4.284060927,..,..,..,..,..,48147,5.449680413,6.087265965,4.830272925,0.684181932,..,..,..,..,..,..,11,..,..,1.587977246,56.248
2018,YR2018,Finland,Europe,FIN,1.950999975,5.736999989,34.51499939,8.397000313,2.74E+11,49648.14926,1.476327743,53.0848999,..,..,..,..,1198564,21.72078755,24.05032743,19.32350979,0.178410432,..,..,..,..,..,..,3,7.419300079,7.298500061,0.245173348,85.382
2018,YR2018,France,Europe,FRA,2.266000032,5.854000092,29.73800087,9.652000427,2.78E+12,41463.64402,1.539463119,37.68009949,..,..,..,..,13420643,20.03462475,22.13655943,17.7960379,0.182439829,..,..,..,..,..,..,5,9.023099899,9.097200394,0.511159792,80.444
2018,YR2018,French Polynesia,Europe,PYF,2.256999969,4.840000153,24.24399948,6.103000164,..,..,..,..,..,..,..,..,23021,8.290508105,8.646987099,7.941753369,0.569178577,..,..,..,..,..,..,..,..,..,0.650333739,61.834
2018,YR2018,Gabon,Africa,GAB,1.324000001,3.025000095,14.21700001,2.338000059,17017401832,8029.822384,-1.379640324,..,..,..,83.42397,85.85235,75529,3.563907468,4.062125264,3.083633507,2.602954061,..,..,..,..,..,..,7,..,..,3.044784228,89.37
2018,YR2018,"Gambia, The",Africa,GMB,1.26699996,1.656999946,24.64299965,4.336999893,1624464137,712.4523977,3.504619353,..,..,..,..,..,59054,2.589980939,2.625183277,2.554123923,2.946722281,..,..,36.13813,..,..,..,7,..,..,4.047852418,61.27
2018,YR2018,Georgia,Europe,GEO,1.243999958,2.655999899,19.96299934,5.445000172,16209818081,4344.630952,4.633285133,..,..,..,..,..,554631,14.86549143,17.7710098,11.68013086,0.080332445,8.32638,7.57537,8.98194,105.9787,106.7773,105.2726,1,..,..,0.766612893,58.632
2018,YR2018,Germany,Europe,DEU,2.392999887,6.059999943,38.9469986,13.63000011,4.00E+12,48195.5799,1.093953753,50.27560043,..,..,..,..,17797959,21.461962,23.82886492,19.0311187,0.32722815,..,..,..,..,..,..,9,3.792299986,2.910099983,0.393216796,77.312
2018,YR2018,Ghana,Africa,GHA,4.467000008,6.736999989,17.83600044,19.4640007,65556464056,2202.312165,3.958667186,..,..,..,74.47439,83.52458,913522,3.068898007,3.364457351,2.781214957,2.192828837,26.51922,16.01642,27.24556,71.31969,70.7867,71.82998,8,..,..,3.364493692,56.06
2018,YR2018,Gibraltar,Europe,GIB,..,..,..,..,..,..,..,..,..,..,..,..,..,..,..,..,-0.029653353,..,..,..,..,..,..,..,..,..,-0.029653353,100
2018,YR2018,Greece,Europe,GRC,4.797999859,9.104000092,20.44300079,8.092000008,2.18E+11,20324.25356,2.191029518,23.27079964,..,..,..,..,2323106,21.65527208,23.65177068,19.58482914,-0.251471725,..,..,..,..,..,..,4,15.37110043,24.23320007,0.17190646,79.058
2018,YR2018,Greenland,Europe,GRL,..,..,..,..,..,..,..,..,..,..,..,..,..,..,..,..,-0.26025898,..,..,..,..,..,..,..,..,..,0.020561747,86.816
2018,YR2018,Grenada,Americas,GRD,..,..,..,..,1207454556,10833.65833,4.281470533,..,..,..,..,..,10724,9.621906796,10.59381048,8.666001923,0.52175283,..,..,..,..,..,..,6,..,..,0.822129986,36.272
2018,YR2018,Guam,South-East Asia,GUM,1.707000017,4.494999886,22.73600006,2.969000101,..,..,..,..,..,..,..,..,16328,9.849910719,10.95835314,8.764616653,0.901084422,..,..,..,..,..,..,..,..,..,0.986937432,94.78
2018,YR2018,Guatemala,Americas,GTM,2.223999977,3.302000046,22.125,18.0909996,78460447920,4549.010081,1.154371768,..,..,..,..,..,829977,4.812072508,5.244492255,4.366383153,1.948798636,..,10.49312,20.26228,52.72243,51.43818,53.9577,6,..,..,2.684043242,51.054
2018,YR2018,Guinea,Africa,GIN,0.995999992,2.417999983,11.43700027,2.346999884,10989790256,885.2512282,5.624124114,..,..,..,..,..,363246,2.926022448,3.493893575,2.315673388,2.833136353,..,..,..,..,..,..,6,..,..,3.79794652,36.14
2018,YR2018,Guinea-Bissau,Africa,GNB,0.606999993,1.5,10.89400005,6.364999771,1458156026,777.9699218,1.243474153,..,..,..,..,..,52925,2.823716336,3.396141426,2.224103928,2.493771961,..,..,..,..,..,..,9,..,..,3.455476073,43.36
2018,YR2018,Guyana,Americas,GUY,2.016000032,4.675000191,33.08200073,11.39799976,3610435299,4634.681335,2.940315744,..,..,..,..,..,50248,6.450271243,7.037483763,5.867022678,0.486803065,..,..,..,..,..,..,7,..,..,0.742878547,26.606
2018,YR2018,Haiti,Americas,HTI,0.949000001,1.620000005,13.73900032,6.30700016,9658084644,868.2847996,0.199182913,..,..,..,..,..,550531,4.949403848,5.439359135,4.44667515,1.273996399,..,..,..,..,..,..,12,..,..,2.974384965,55.278
2018,YR2018,Honduras,Americas,HND,5.721000195,14.96800041,20.78300095,20.00799942,23803230473,2482.730206,2.030375238,57.56800079,..,..,87.26556,87.13764,449714,4.690617659,5.150868231,4.229477738,1.667103614,21.45735,..,..,..,..,..,11,4.619999886,7.16989994,2.7925867,57.096
2018,YR2018,"Hong Kong SAR, China",Western Pacific,HKG,1.116000056,4.40199995,19.38199997,3.936000109,3.63E+11,48717.29121,2.201488886,..,..,..,..,..,1257360,16.87504833,16.70181724,17.07836483,0.799050247,..,11.22247,13.34788,107.4898,105.7951,109.075,2,..,..,0.799050247,100
2018,YR2018,Hungary,Europe,HUN,2.880000114,6.09499979,41.07099915,19.65099907,1.56E+11,15938.8368,5.146469097,32.26319885,..,..,..,..,1871477,19.15772538,22.74930308,15.19896709,-0.19615739,..,..,..,..,..,..,6,3.477200031,3.986500025,0.209713807,71.351
2018,YR2018,Iceland,Europe,ISL,1.891000032,5.59100008,26.71100044,6.833000183,25882218777,73201.70255,1.601307982,80.30220032,..,..,..,..,52312,14.79509256,15.5662346,14.02982425,2.919685018,..,..,..,..,..,..,5,2.847199917,2.536299944,2.962368264,93.813
2018,YR2018,India,South-East Asia,IND,0.547999978,1.922999978,26.34399986,18.74799919,2.73E+12,2015.590485,5.87831683,26.5781002,..,..,65.79081,82.36671,83591151,6.179955649,6.680037291,5.717910098,1.03732336,24.72586,..,..,..,..,..,10,5.338300228,5.301099777,2.308965478,34.03
2018,YR2018,Indonesia,South-East Asia,IDN,1.79400003,4.502999783,25.51099968,16.49300003,1.04E+12,3893.596078,3.985604226,47.74079895,..,..,93.99218,97.33134,15677491,5.857165613,6.458146808,5.264671807,1.133769861,27.26144,15.2071,17.03493,88.91017,90.04094,87.84292,10,4.679500103,4.251100063,2.344869515,55.325
2018,YR2018,"Iran, Islamic Rep.",Eastern Mediterranean,IRN,1.363999963,4.326000214,33.37200165,25.28300095,..,..,..,27.25,..,..,..,..,5058998,6.184573806,6.014194545,6.351325392,1.386479705,..,..,..,..,..,..,10,10.36999989,18.94000053,2.061668554,74.898
2018,YR2018,Iraq,Eastern Mediterranean,IRQ,3.237999916,3.338000059,26.02599907,7.673999786,2.26E+11,5878.038566,-1.673833337,..,..,..,44.014,56.24399,1277379,3.323599663,3.70204392,2.954011627,2.318464028,..,..,..,..,..,..,8,..,..,2.595551171,70.473
2018,YR2018,Ireland,Europe,IRL,2.213999987,6.239999771,26.91200066,8.432999611,3.82E+11,78806.432,7.142041169,46.72050095,..,..,..,..,672978,13.8658017,14.59616248,13.12342418,0.954742911,..,..,..,..,..,..,3,5.782400131,5.691100121,1.30837591,63.17
2018,YR2018,Isle of Man,Europe,IMN,..,..,..,..,..,..,..,..,..,..,..,..,..,..,..,..,0.571344927,..,..,..,..,..,..,..,..,..,0.817554629,52.588
2018,YR2018,Israel,Europe,ISR,1.646000028,6.294000149,25.89800072,7.702000141,3.70E+11,41613.99808,1.326103835,47.06999969,..,..,..,..,1064011,11.97698602,13.2131694,10.72602254,1.937879943,..,..,..,..,..,..,4,4.038000107,3.953999996,2.026639296,92.418
2018,YR2018,Italy,Europe,ITA,3.710000038,7.903999805,35.27799988,12.60400009,2.07E+12,34318.35112,1.034213504,26.07559967,..,..,98.97192,99.35345,13749132,22.7516796,25.07907418,20.29290809,-0.174304004,..,..,..,..,..,..,6,9.745300293,11.77369976,0.243957933,70.438
2018,YR2018,Jamaica,Americas,JAM,2.446000099,4.473999977,23.27400017,6.093999863,15717858487,5355.582639,1.370319338,34.18190002,..,..,..,..,258169,8.796642551,9.005347232,8.585182507,0.47823514,..,16.69828,24.79434,82.28867,83.60949,81.02319,2,6.71750021,11.89630032,1.011307847,55.674
2018,YR2018,Japan,Western Pacific,JPN,0.779999971,2.901000023,32.63899994,14.00699997,4.97E+12,39286.73765,0.992439865,47.59999847,..,..,..,..,34892133,27.57636991,30.44587551,24.57229679,-0.202670345,..,..,..,..,..,..,8,2.599999905,2.200000048,-0.11421871,91.616
2018,YR2018,Jordan,Eastern Mediterranean,JOR,1.56400001,6.676000118,26.56500053,15.39400005,42290832158,4247.768726,0.129635568,..,..,..,97.83208,98.61421,382957,3.846490398,4.130730757,3.569439441,1.792156922,..,12.26127,18.53699,63.11653,64.15522,62.0969,7,..,..,2.047485157,90.979
2018,YR2018,Kazakhstan,Europe,KAZ,0.796999991,1.861999989,30.1989994,11.76500034,1.71E+11,9331.04695,2.740272171,..,..,..,..,..,1350971,7.391846271,9.258061023,5.409488557,1.314780146,16.54056,6.95898,19.63913,114.2437,114.7181,113.7928,5,..,..,1.475113065,57.428
2018,YR2018,Kenya,Africa,KEN,8.859000206,7.198999882,12.58199978,2.34100008,87908262520,1710.510097,3.896152982,..,..,..,78.18893,84.98883,1202178,2.339186612,2.698508076,1.975258435,2.305948675,..,..,..,..,..,..,7,..,..,4.052522702,27.03
2018,YR2018,Kiribati,Western Pacific,KIR,..,..,..,..,188284518.8,1625.2861,0.513904299,..,..,..,..,..,4579,3.952627172,4.892706777,2.978678563,1.468690124,..,..,..,..,..,..,7,..,..,2.949349291,54.057
2018,YR2018,"Korea, Dem. People’s Rep.",Western Pacific,PRK,0.372000009,1.773000002,19.3579998,14.48600006,..,..,..,..,..,..,..,..,2384953,9.33452041,11.88778882,6.666987853,0.47012429,..,..,20.30024,..,..,..,..,..,..,0.827794425,61.899
2018,YR2018,"Korea, Rep.",Western Pacific,KOR,0.699999988,2.517999887,33.26599884,13.54300022,1.62E+12,31362.75147,2.33217302,29.25200081,..,..,..,..,7445058,14.41855583,16.54643365,12.29763111,0.327939403,..,..,..,..,..,..,2,3.937999964,3.726999998,0.273938169,81.459
2018,YR2018,Kosovo,Europe,XKX,..,..,..,..,7900268736,4281.292329,3.321374532,22.44000053,..,..,..,..,..,..,..,..,0.794345853,..,..,..,..,..,..,3,28.30999947,33.25999832,..,..
2018,YR2018,Kuwait,Eastern Mediterranean,KWT,0.584999979,0.72299999,34.76300049,4.609000206,1.42E+11,34243.95291,-0.747204188,..,..,..,94.90516,96.66646,105521,2.550472384,2.516758015,2.572726524,1.982439531,..,..,8.88073,..,..,..,7,..,..,1.982439531,100
2018,YR2018,Kyrgyz Republic,Europe,KGZ,1.312000036,1.774000049,29.21500015,11.2130003,8092836609,1281.363661,1.572833212,40.08000183,..,..,99.49972,99.67701,283878,4.494727976,5.505980974,3.461833805,1.879550296,11.0836,10.64648,24.98946,95.05481,95.04675,95.06257,4,5.659999847,6.449999809,2.475490067,36.351
2018,YR2018,Lao PDR,Western Pacific,LAO,0.273999989,0.824999988,11.62199974,6.521999836,18130724396,2567.543217,4.864905688,..,..,..,..,..,287767,4.075149964,4.580908024,3.572996904,1.548022991,11.29744,18.15412,22.33717,67.36178,65.0222,69.63483,10,..,..,3.381673679,35.004
2018,YR2018,Latvia,Europe,LVA,3.125,6.264999866,33.86100006,12.67700005,34849078086,18088.92725,5.623844528,37.70959854,..,..,..,..,386149,20.04362032,24.92096029,14.31588371,-0.811937907,..,..,..,..,..,..,4,8.409500122,6.420300007,-0.71355981,68.142
2018,YR2018,Lebanon,Eastern Mediterranean,LBN,1.758000016,11.71800041,26.2140007,9.842000008,56639155556,8269.787676,-0.342081302,..,..,..,93.30501,96.85466,479587,7.002368134,7.615227228,6.398070196,0.54245866,..,..,..,..,..,..,8,..,..,0.727747261,88.593
2018,YR2018,Lesotho,Africa,LSO,0.59799999,0.76700002,9.961000443,10.08600044,2791762880,1324.282768,0.668522532,..,..,..,..,..,103321,4.901087497,6.188194277,3.575673525,0.796281137,19.6773,..,..,..,..,..,7,..,..,2.310041524,28.153
2018,YR2018,Liberia,Africa,LBR,1.828999996,2.286999941,16.49399948,5.743999958,3249000000,674.2094847,-1.229759965,..,..,..,..,..,156782,3.2534318,3.620614746,2.889549684,2.452522593,..,..,..,..,..,..,5,..,..,3.344036403,51.151
2018,YR2018,Libya,Eastern Mediterranean,LBY,0.398999989,1.052000046,31.69099998,9.006999969,48319620013,7235.028115,6.258379751,..,..,..,..,..,293325,4.392040259,4.825909652,3.967445205,1.47586739,..,..,..,..,..,..,10,..,..,1.832312146,80.102
2018,YR2018,Liechtenstein,Europe,LIE,..,..,..,..,..,..,..,..,..,..,..,..,..,..,..,..,0.29058269,..,..,..,..,..,..,..,..,..,0.460957763,14.338
2018,YR2018,Lithuania,Europe,LTU,1.368999958,3.551000118,34.9980011,15.35000038,53251369047,19089.70751,4.935793879,36.48350143,..,..,..,..,549678,19.70503316,24.26433015,14.39132208,-1.383804311,..,..,..,..,..,..,4,6.89109993,5.409399986,-1.14269563,67.679
2018,YR2018,Luxembourg,Europe,LUX,2.13499999,4.703999996,16.79199982,3.214999914,69487922619,114340.4987,0.679363416,33.11610031,..,..,..,..,86195,14.18315418,15.70866378,12.68423711,1.892314684,..,..,..,..,..,..,5,5.328999996,5.881499767,2.171838317,90.981
2018,YR2018,"Macao SAR, China",Western Pacific,MAC,1.531999946,4.453999996,25.87199974,8.279999733,54545184268,86355.40765,3.207791089,..,..,..,..,..,66222,10.48420293,10.55703112,10.40646708,1.443311366,14.37169,9.75724,13.49843,101.0366,100.9029,101.1618,..,..,..,1.443311366,100
2018,YR2018,Madagascar,Africa,MDG,2.019000053,5.558000088,7.506999969,7.28000021,12100459087,460.7527808,2.416764912,..,..,..,72.38409,77.27514,784383,2.986717126,3.230266415,2.742002962,2.66961324,..,19.29784,39.81169,36.52693,37.06355,35.99303,5,..,..,4.484804041,37.191
2018,YR2018,Malawi,Africa,MWI,0.739000022,1.501999974,10.33100033,6.065999985,7064971176,389.3980332,0.801419696,..,..,..,..,..,479970,2.64543493,3.128542209,2.148489602,2.641917288,..,72.31002,58.67919,40.28176,39.91857,40.64471,7,..,..,3.967306091,16.937
2018,YR2018,Malaysia,Western Pacific,MYS,1.473999977,4.672999859,32.01499939,19.60300064,3.54E+11,11238.95737,3.316769765,..,..,..,..,..,2103510,6.671754625,7.040620398,6.323325652,1.352511651,13.34506,11.40208,..,81.99226,85.41413,78.77512,9,..,..,2.130163068,76.036
2018,YR2018,Maldives,South-East Asia,MDV,1.567999959,5.096000195,17.53499985,21.45299911,5272288443,10223.63649,2.085411062,..,..,..,..,..,19098,3.703344606,4.680580923,3.107004979,3.813136225,..,..,..,..,..,..,6,..,..,4.894045215,39.808
2018,YR2018,Mali,Africa,MLI,0.137999997,0.924000025,8.206000328,4.257999897,17196688920,901.4031007,1.791676657,56.25,..,..,25.73516,46.18414,478322,2.507229758,2.812297005,2.203016209,3.007913579,..,..,37.82669,41.02728,36.99537,44.95349,5,6.53000021,7.869999886,4.87623694,42.356
2018,YR2018,Malta,Europe,MLT,1.873999953,6.512000084,26.28499985,9.274000168,14542039605,30074.74119,3.130254323,55.49290085,..,..,95.98872,93.00997,98395,20.3493243,22.29322914,18.41414453,3.264720138,..,..,..,..,..,..,8,3.825299978,3.555299997,3.334490457,94.612
2018,YR2018,Marshall Islands,Western Pacific,MHL,..,..,..,..,211523642.4,3621.174095,1.877065037,..,..,..,..,..,..,..,..,..,0.609595692,..,..,..,..,..,..,5,..,..,1.12641992,77.031
2018,YR2018,Mauritania,Africa,MRT,0.845000029,3.509000063,12.97900009,6.856999874,5365868725,1218.59641,0.759147004,..,..,..,..,..,138313,3.141112158,3.638129733,2.647564003,2.780434406,..,25.9167,34.27814,36.83391,37.14018,36.53606,4,..,..,4.372995458,53.672
2018,YR2018,Mauritius,Africa,MUS,1.671000004,5.925000191,32.36100006,18.61700058,14220348673,11238.69039,3.717228563,..,..,..,89.36638,93.35735,145183,11.47417307,12.90269229,10.01231081,0.054547267,..,10.9886,16.19841,95.0962,97.76666,92.52626,4,..,..,-0.063139385,40.793
2018,YR2018,Mexico,Americas,MEX,2.397000074,5.802999973,30.84199905,17.36199951,1.22E+12,9698.084187,0.851768911,43.74399948,..,..,94.60805,96.2329,9115625,7.223684981,7.777099236,6.645696001,1.126421149,..,..,..,..,..,..,8,3.194200039,3.425499916,1.487619951,80.156
2018,YR2018,"Micronesia, Fed. Sts.",Western Pacific,FSM,..,..,..,..,344501760,3058.431818,0.336848366,..,..,..,..,..,4502,3.996803977,4.450223956,3.553219723,1.054008214,..,..,..,..,..,..,7,..,..,1.473279622,22.703
2018,YR2018,Moldova,Europe,MDA,0.275000006,0.409999996,20.6609993,12.41499996,11309082555,3189.355812,4.097169591,20.82699966,..,..,..,..,406697,11.46955634,13.82301259,8.916410899,-0.093388678,13.84031,9.86318,17.92314,86.90614,86.45337,87.33351,3,3.483500004,2.474900007,0.075645146,42.629
2018,YR2018,Monaco,Europe,MCO,..,..,..,..,..,..,..,..,..,..,..,..,..,..,..,..,0.7525271,..,..,11.38506,..,..,..,..,..,..,0.7525271,100
2018,YR2018,Mongolia,Western Pacific,MNG,0.666999996,1.264000058,25.20299911,11.7869997,13009574621,4103.697493,5.045173052,..,..,..,98.64889,98.18601,129457,4.083538787,4.706869622,3.44329268,1.79600998,23.08864,..,30.38318,..,..,..,8,..,..,1.9158799,68.445
2018,YR2018,Montenegro,Europe,MNE,5.46600008,11.04399967,24.80900002,7.135000229,5452173041,8760.692286,4.859161164,32.85649872,..,..,98.27135,99.45047,93196,14.97493664,17.04131237,12.86244491,-0.004499011,14.90056,..,..,..,..,..,8,15.23569965,15.09710026,0.499553804,66.813
2018,YR2018,Morocco,Eastern Mediterranean,MAR,0.783999979,3.174999952,24.66799927,11.75800037,1.18E+11,3237.883368,1.648630514,..,..,..,64.59138,83.30135,2526689,7.012904821,7.4332627,6.585607667,1.250794964,28.74403,19.42453,26.80065,80.2262,76.58119,83.69787,4,..,..,2.127285344,62.453
2018,YR2018,Mozambique,Africa,MOZ,1.447999954,3.470999956,13.51099968,2.584000111,14457964381,490.1675823,0.29969069,..,..,..,..,..,852659,2.890764457,3.498778611,2.245843989,2.913458975,15.16804,..,55.27379,..,..,..,10,..,..,4.405591347,35.988
2018,YR2018,Myanmar,South-East Asia,MMR,1.353999972,4.027999878,16.43799973,15.31700039,71214803378,1325.952924,5.555804237,48.70830154,..,..,..,..,3106838,5.784641933,6.640370312,4.864798621,0.608482652,..,..,..,..,..,..,12,0.73180002,1.044499993,1.452481022,30.579
2018,YR2018,Namibia,Africa,NAM,3.148999929,5.797999859,30.37000084,6.986000061,14521711630,5931.453885,-1.937959389,29.22800064,..,..,..,..,89019,3.636031681,4.421366372,2.800496749,1.882279294,..,..,..,..,..,..,10,21.13069916,18.59029961,3.956296801,50.032
2018,YR2018,Nauru,Western Pacific,NRU,..,..,..,..,114718022.8,9030.071064,-2.17144891,..,..,..,..,..,..,..,..,..,-1.344820893,..,..,..,..,..,..,..,..,..,-1.344820893,100
2018,YR2018,Nepal,South-East Asia,NPL,0.358999997,1.756000042,19.78000069,6.625,28812491892,1025.798356,4.546209269,..,..,..,59.72443,78.59134,1608781,5.727670776,5.714558709,5.743133563,1.653980239,..,..,..,..,..,..,7,..,..,3.721818393,19.74
2018,YR2018,Netherlands,Europe,NLD,2.325000048,5.348999977,25.07799911,6.059000015,9.14E+11,53024.05921,2.003691765,68.87439728,..,..,..,..,3307699,19.19619263,20.5999506,17.78045635,0.580410754,..,..,..,..,..,..,4,3.720700026,3.956500053,1.032848225,91.49
2018,YR2018,New Caledonia,Western Pacific,NCL,2.650000095,5.368000031,33.77500153,7.788000107,..,..,..,..,..,..,..,..,26060,9.174157925,9.666005006,8.685132892,1.314666088,..,..,..,..,..,..,..,..,..,1.920384853,70.683
2018,YR2018,New Zealand,Western Pacific,NZL,4.138999939,7.977000237,30.36899948,9.36400032,2.05E+11,41966.00918,0.853999628,64.18650055,..,..,..,..,764699,15.65242453,16.44908021,14.82853159,1.892735802,..,..,..,..,..,..,1,4.146399975,4.470900059,1.975960835,86.538
2018,YR2018,Nicaragua,Americas,NIC,2.648999929,7.124000072,19.08499908,13.06599998,13117859222,2028.896891,-5.015619975,..,..,..,..,..,339278,5.247497448,5.918969291,4.556573302,1.255357967,..,..,..,..,..,..,7,..,..,1.637141542,58.522
2018,YR2018,Niger,Africa,NER,0.495000005,1.220000029,4.811999798,12.44699955,9239513530,411.6889425,1.234038834,..,..,..,..,..,582396,2.595007883,2.698365321,2.492661767,3.816869199,14.69914,..,..,..,..,..,3,..,..,4.274535102,16.425
2018,YR2018,Nigeria,Africa,NGA,1.722000003,4.218999863,11.18999958,11.99300003,3.97E+11,2028.18197,-0.665579082,..,..,..,52.65648,71.25571,5381418,2.747377005,2.928952947,2.570559657,2.586545852,..,..,..,..,..,..,8,..,..,4.238846803,50.344
2018,YR2018,North Macedonia,Europe,MKD,2.619999886,5.764999866,34.34899902,24.52199936,12672131053,6083.718948,2.617176945,31.83209991,..,..,..,..,284744,13.67018138,15.19639117,12.14572956,0.046194989,..,..,..,..,..,..,4,21.29470062,19.86739922,0.417819583,57.963
2018,YR2018,Northern Mariana Islands,Western Pacific,MNP,..,..,..,..,..,..,..,..,..,..,..,..,..,..,..,..,0.564156498,..,..,..,..,..,..,..,..,..,0.660347974,91.618
2018,YR2018,Norway,Europe,NOR,0.989000022,2.486000061,30.52499962,6.690999985,4.35E+11,81807.19804,0.73270718,54.34740067,..,..,..,..,906053,17.04922216,18.52602791,15.5999859,0.705638419,..,..,..,..,..,..,4,4.031199932,3.538500071,1.165071195,82.248
2018,YR2018,Oman,Eastern Mediterranean,OMN,0.768999994,1.31400001,40.25400162,5.445000172,79294928479,16418.92693,-1.333278851,..,..,..,92.69399,96.98942,115559,2.392786956,3.655440853,1.734857884,3.445117966,..,10.21867,9.67394,106.666,102.4613,110.9722,4,..,..,4.609937247,84.539
2018,YR2018,Pakistan,Eastern Mediterranean,PAK,0.104999997,1.684999943,26.26000023,14.0539999,3.13E+11,1472.893134,3.284625257,40.03900146,..,..,..,..,9152355,4.312774311,4.348852228,4.278751605,2.05587987,33.46339,20.68833,44.28277,42.78196,39.26601,46.02474,10,3.95510006,4.550300121,2.668674362,36.666
2018,YR2018,Palau,Western Pacific,PLW,..,..,..,..,310111145,17317.87262,4.419500754,..,..,..,..,..,..,..,..,..,0.554390332,..,..,..,..,..,..,8,..,..,1.265572682,79.93
2018,YR2018,Panama,Americas,PAN,1.5,3.381000042,24.36199951,9.633999825,65055100000,15575.07255,1.936964073,43.63069916,..,..,94.88172,95.96893,338524,8.10473108,8.683356345,7.528247656,1.69258055,..,..,..,..,..,..,5,3.134799957,4.968299866,2.201944489,67.709
2018,YR2018,Papua New Guinea,Western Pacific,PNG,1.059999943,2.34800005,8.18999958,1.651000023,23431596214,2722.604679,-1.536193585,..,..,..,..,..,296511,3.445269251,3.761416705,3.141971659,1.974760178,..,..,..,..,..,..,6,..,..,2.484811285,13.169
2018,YR2018,Paraguay,Americas,PRY,3,6.881000042,27.54400063,8.579000473,40842341774,5871.467064,2.311690319,58.55009842,..,..,93.53171,94.51148,447290,6.430215009,6.824762651,6.048827709,1.287844517,..,..,..,..,..,..,7,5.28910017,7.518899918,1.75168621,61.585
2018,YR2018,Peru,Americas,PER,2.384000063,5.18599987,21.34199905,8.793000221,2.22E+11,6947.256627,2.205190229,54.02569962,..,..,91.70311,97.12137,2587417,8.088392792,8.571114693,7.599530346,1.718246517,..,14.20042,17.38724,106.4454,103.6391,109.2718,8,5.548900127,7.461200237,1.958564626,77.907
2018,YR2018,Philippines,Western Pacific,PHL,2.512000084,4.467000008,23.63899994,9.784000397,3.31E+11,3102.713363,4.770738946,35.70100021,..,..,..,..,5463318,5.122568768,5.973006194,4.281047841,1.39613428,..,..,..,..,..,..,13,2.126899958,2.678100109,1.876961044,46.907
2018,YR2018,Poland,Europe,POL,2.519999981,5.282999992,43.29899979,17.04700089,5.86E+11,15424.04603,5.139159148,35.08580017,..,..,..,..,6653012,17.51781676,20.61543009,14.22342174,0.00980075,..,..,..,..,..,..,5,3.843899965,3.84739995,-0.068427165,60.058
2018,YR2018,Portugal,Europe,PRT,2.957999945,6.453000069,33.53300095,15.0909996,2.38E+11,23145.73496,2.32877873,34.17950058,..,..,95.07252,97.35362,2257243,21.95385754,24.17338113,19.48456397,-0.180137491,..,..,..,..,..,..,6,6.565000057,7.436699867,0.680777147,65.211
2018,YR2018,Puerto Rico,Americas,PRI,1.256999969,6.045000076,23.20800018,8.812000275,1.01E+11,31651.34815,-1.041080619,..,..,..,..,..,596690,18.67485021,20.79990115,16.33493067,-3.983500085,..,..,..,..,..,..,6,..,..,-3.993136538,93.578
2018,YR2018,Qatar,Eastern Mediterranean,QAT,0.356999993,0.263000011,62.33100128,6.632999897,1.92E+11,69026.4688,-0.645097948,68.77999878,..,..,..,..,38111,1.370070339,1.712844943,1.25862912,2.068684466,14.03418,11.04303,12.1676,..,..,..,7,0.050000001,0.460000008,2.126182098,99.135
2018,YR2018,Romania,Europe,ROU,0.624000013,1.383000016,36.69200134,21.5529995,2.40E+11,12301.1864,4.702669069,29.50139999,..,..,98.59977,99.10801,3571267,18.33870139,21.4068023,15.09991157,-0.581419209,..,..,..,..,..,..,6,4.712600231,3.484999895,-0.466532426,53.998
2018,YR2018,Russian Federation,Europe,RUS,0.866999984,1.792999983,37.51200104,15.69499969,1.66E+12,11288.87244,2.261780504,34.12760162,..,..,99.73411,99.72516,21201732,14.67470832,18.36523941,10.4025046,-0.012935384,..,..,..,..,..,..,4,4.911399841,4.776599884,0.176676488,74.433
2018,YR2018,Rwanda,Africa,RWA,0.057999998,0.061999999,15.08100033,2.983999968,9509003197,772.9678384,5.836046857,..,..,..,69.39454,77.5588,361455,2.938196078,3.399935943,2.460241483,2.644008891,24.74281,28.24773,59.50859,40.89606,43.27546,38.49434,5,..,..,3.14497755,17.211
2018,YR2018,Samoa,Western Pacific,WSM,5.170000076,4.790999889,18.86400032,7.193999767,861494700.7,4392.467755,0.324543037,..,..,..,99.24504,98.95609,9415,4.800411974,5.553442374,4.099168342,0.397464519,..,..,..,..,..,..,4,..,..,-0.740682249,18.243
2018,YR2018,San Marino,Europe,SMR,..,..,..,..,..,..,..,..,..,..,99.90191,99.93208,..,..,..,..,0.337998424,5.09655,5.84099,6.93061,67.85714,63.80208,71.49533,8,..,..,0.497460321,97.226
2018,YR2018,Sao Tome and Principe,Africa,STP,1.51699996,1.692000031,25.13500023,3.161000013,422296762.3,2001.140902,0.741508911,..,..,..,89.51573,96.16268,6174,2.925678109,3.327042176,2.523841543,1.884217354,..,..,..,..,..,..,6,..,..,3.037835235,72.803
2018,YR2018,Saudi Arabia,Eastern Mediterranean,SAU,0.207000002,2.137000084,28.14599991,2.028000116,7.82E+11,23219.13048,0.392688315,19.28000069,..,..,..,..,1116846,3.314088023,3.650084817,3.065436408,1.7988753,18.9733,..,13.81495,..,..,..,11,2.940000057,22.55999947,2.064004379,83.844
2018,YR2018,Senegal,Africa,SEN,0.432000011,1.123000026,18.65600014,5.72300005,24129599552,1521.953554,3.837062008,..,..,..,..,..,489396,3.086823701,3.483251604,2.669777919,2.78193167,27.94423,..,36.31817,43.70155,45.74903,41.69052,4,..,..,3.744338712,47.192
2018,YR2018,Serbia,Europe,SRB,2.099999905,4.309999943,31.81699944,16.7670002,50508366850,7233.995874,4.881012702,30.00209999,..,..,97.54816,99.07627,1280919,18.34579269,20.47672186,16.12760226,-0.553799324,22.06857,7.946,14.2927,95.08724,95.56466,94.63583,5,11.96179962,13.69989967,-0.286002271,56.092
2018,YR2018,Seychelles,Africa,SYC,..,..,..,..,1590180446,16433.93529,2.6431477,..,..,..,96.3502,95.41176,7349,7.594545604,8.939268855,6.318576615,0.954291918,17.54688,10.7789,14.48826,81.44791,84.19527,78.80993,9,..,..,1.715478237,56.691
2018,YR2018,Sierra Leone,Africa,SLE,2.982000113,2.390000105,10.24199963,1.35800004,3999945202,522.8581284,1.535163598,..,..,..,34.85203,51.64688,226946,2.966556211,3.379997455,2.551236347,2.136648208,..,..,27.52246,..,..,..,5,..,..,3.137954963,42.055
2018,YR2018,Singapore,Western Pacific,SGP,2.819999933,6.453000069,20.52000046,11.79199982,3.64E+11,64581.94402,2.656150008,38.13000107,..,..,95.91941,98.8509,646383,11.46338019,12.75344234,10.28860975,0.469704299,..,..,..,..,..,..,2,..,..,0.469704299,100
2018,YR2018,Sint Maarten (Dutch part),Europe,SXM,..,..,..,..,..,..,..,..,..,..,..,..,..,..,..,..,0.196976476,..,..,..,..,..,..,..,..,..,0.196976476,100
2018,YR2018,Slovak Republic,Europe,SVK,1.917999983,4.261000156,50.26100159,21.08799934,1.06E+11,19546.9019,3.960369087,32.28829956,..,..,..,..,851327,15.6292465,18.4668768,12.63457079,0.142914343,..,..,..,..,..,..,8,6.131800175,7.027400017,0.096374379,53.726
2018,YR2018,Slovenia,Europe,SVN,2.404999971,5.02699995,45.26399994,18.8409996,54235484383,26234.0229,4.437488125,38.5564003,..,..,..,..,405347,19.60687965,22.42625331,16.75992892,0.04760799,..,..,..,..,..,..,3,4.601399899,5.697100163,0.540139042,54.541
2018,YR2018,Solomon Islands,Western Pacific,SLB,0.671999991,1.741999984,10.83100033,6.842999935,1411904531,2162.651804,0.72193521,..,..,..,..,..,23496,3.598950459,3.753400497,3.449044576,2.610133776,..,..,25.41046,..,..,..,7,..,..,4.578655939,23.749
2018,YR2018,Somalia,Eastern Mediterranean,SOM,0.792999983,1.985000014,7.136000156,3.717000008,4721000393,314.5623635,..,..,..,..,..,..,431231,2.873310943,2.976518469,2.769538457,2.831767652,..,..,..,..,..,..,9,..,..,4.129874897,44.971
2018,YR2018,South Africa,Africa,ZAF,2.664999962,7.607999802,31.92200089,12.13500023,3.68E+11,6374.015446,-0.572080197,25.44529915,..,..,..,..,3072723,5.318005005,6.329299839,4.277929537,1.357697288,..,..,..,..,..,..,7,25.14819908,29.05929947,2.121665549,66.355
2018,YR2018,South Sudan,Eastern Mediterranean,SSD,0.652999997,4.861000061,23.28700066,7.168000221,..,..,..,..,..,..,28.86426,40.26481,373015,3.39848288,3.664598154,3.132834179,0.59544157,..,..,..,..,..,..,12,..,..,1.976365785,19.615
2018,YR2018,Spain,Europe,ESP,3.368000031,6.507999897,29.07999992,8.68500042,1.43E+12,30523.85924,2.295205926,32.98339844,..,..,97.97378,98.92539,9054365,19.37850752,21.57489855,17.10469019,0.279719893,..,..,..,..,..,..,7,13.71879959,17.02339935,0.580216883,80.321
2018,YR2018,Sri Lanka,South-East Asia,LKA,1.065999985,4.047999859,29.0739994,26.90299988,88900770858,4102.48135,2.132746096,..,..,..,..,..,2269547,10.47321975,11.59198982,9.263704896,1.048392958,29.76096,..,..,..,..,..,7,..,..,1.547574095,18.476
2018,YR2018,St. Kitts and Nevis,Americas,KNA,..,..,..,..,1039875050,19829.42832,2.223654207,..,..,..,..,..,..,..,..,..,0.757999916,..,..,..,..,..,..,7,..,..,0.765048048,30.776
2018,YR2018,St. Lucia,Americas,LCA,3.50999999,7.760000229,28.625,14.03199959,1876189778,10315.02608,0.081064737,..,..,..,..,..,17837,9.806530356,9.977250569,9.633846841,0.514822934,7.71379,11.14556,14.73909,89.36041,89.4392,89.28248,5,..,..,0.869159377,18.678
2018,YR2018,St. Martin (French part),Europe,MAF,..,..,..,..,..,..,..,..,..,..,..,..,..,..,..,..,1.907296656,..,..,..,..,..,..,..,..,..,..,..
2018,YR2018,St. Vincent and the Grenadines,Americas,VCT,4.138000011,7.287000179,30.36899948,7.274000168,813093984.1,7377.678832,2.200493075,..,..,..,..,..,10569,9.589786863,9.896188667,9.291316076,0.348123622,..,13.8727,14.39258,107.2264,108.675,105.8749,7,..,..,1.143369099,52.198
2018,YR2018,Sudan,Africa,SDN,1.429999948,7.296000004,18.39999962,3.744999886,40851536134,977.2736357,-4.629843228,..,..,..,56.06323,65.43515,1496980,3.581160528,3.828525645,3.333316412,2.392265265,..,..,..,..,..,..,10,..,..,3.180539089,34.642
2018,YR2018,Suriname,Americas,SUR,0.690999985,2.648999929,34.07500076,8.282999992,3427269682,5950.213947,1.024190548,..,..,..,92.71206,96.07404,39780,6.906369902,8.04221201,5.783035187,0.958587769,..,..,13.39335,82.26363,..,..,8,..,..,0.987514314,66.06
2018,YR2018,Sweden,Europe,SWE,1.496000051,5.513000011,28.05800056,6.987999916,5.51E+11,54111.97217,1.097673526,54.22710037,..,..,..,..,2046362,20.09552493,21.58168568,18.61273652,1.23985371,..,..,..,..,..,..,3,6.395100117,6.292099953,1.56636617,87.431
2018,YR2018,Switzerland,Europe,CHE,3.345000029,7.928999901,29.26199913,9.984000206,7.06E+11,82838.92944,1.761393104,67.99019623,..,..,..,..,1586054,18.62321656,20.34288995,16.87387256,0.762633818,..,..,..,..,..,..,6,4.367000103,5.109000206,0.811419636,73.797
2018,YR2018,Syrian Arab Republic,Africa,SYR,1.067000031,5.162000179,31.59300041,10.57199955,..,..,..,..,..,..,..,..,761311,4.503124421,4.877663902,4.131437711,-0.952015452,..,..,..,..,..,..,7,..,..,0.277775496,54.162
2018,YR2018,Tajikistan,Europe,TJK,0.109999999,0.57099998,22.47200012,4.793000221,7522947810,826.6215305,4.699464341,..,..,..,..,..,275017,3.021887552,3.244862272,2.802564262,2.453465059,..,..,..,..,..,..,4,..,..,3.015214562,27.134
2018,YR2018,Tanzania,South-East Asia,TZA,1.66900003,3.750999928,10.66499996,3.28399992,57437073927,1050.675254,2.11505516,..,..,..,..,..,1465009,2.601299178,3.011458253,2.190337342,2.981674115,..,20.86254,50.63304,29.43508,30.12852,28.75113,10,..,..,5.145487864,33.776
2018,YR2018,Thailand,South-East Asia,THA,1.468999982,4.034999847,26.32900047,20.2329998,5.05E+11,7273.563207,3.80126981,41.62870026,..,..,..,..,8262614,11.90089314,13.07038343,10.67062311,0.315448259,..,..,..,..,..,..,5,..,..,1.826333491,49.949
2018,YR2018,Timor-Leste,Western Pacific,TLS,1.621000051,1.666000009,10.36400032,7.412000179,2581000000,2035.533908,0.810280799,..,..,..,64.21094,71.86872,54732,4.316492294,4.670868939,3.970327095,1.96810074,..,26.54835,26.94886,83.61746,87.02535,80.30131,6,..,..,3.172140929,30.578
2018,YR2018,Togo,Africa,TGO,0.906000018,2.161999941,17.97900009,21.03300095,5300214337,671.8406876,2.349884065,..,..,..,..,..,226375,2.869468011,3.094716839,2.641866075,2.445904207,21.33152,..,40.14504,..,..,..,4,..,..,3.749272502,41.702
2018,YR2018,Tonga,Western Pacific,TON,0.897000015,1.269999981,14.15299988,55.03300095,450353313.9,4364.015561,-0.865341047,..,..,..,99.47503,99.35098,6144,5.953661444,6.435854689,5.479239726,1.168657761,..,..,..,..,..,..,4,..,..,1.002071456,23.131
2018,YR2018,Trinidad and Tobago,Americas,TTO,2.871000051,7.169000149,38.27199936,12.52999973,23410353435,16843.70161,0.280784372,..,..,..,..,..,149201,10.73495352,11.72470877,9.720810483,0.417170469,..,..,..,..,..,..,7,..,..,0.377615187,53.184
2018,YR2018,Tunisia,Eastern Mediterranean,TUN,3.153000116,8.399000168,32.65299988,33.42900085,39860715814,3446.607238,1.337501842,..,..,..,..,..,961725,8.315679079,9.080019934,7.538549948,1.145827766,..,..,16.87168,..,..,..,6,12.50150013,22.7609005,1.586277636,68.945
2018,YR2018,Turkey,Europe,TUR,1.315000057,6.045000076,31.36100006,15.48999977,7.67E+11,9311.366117,1.049259888,43.81309891,..,..,..,..,6983357,8.48321294,9.619825769,7.315000249,1.490444868,..,..,..,..,..,..,7,9.509699821,13.76640034,2.156726888,75.143
2018,YR2018,Turkmenistan,Europe,TKM,1.105999947,2.482000113,37.74700165,28.21100044,40761142857,6966.635411,4.507616162,..,..,..,..,..,258998,4.426634462,5.128821557,3.702783223,1.606415757,..,..,..,..,..,..,..,..,..,2.462917584,51.593
2018,YR2018,Turks and Caicos Islands,Americas,TCA,..,..,..,..,1022312010,27142.2278,3.74471268,..,..,..,..,..,..,..,..,..,1.471008071,..,10.06957,17.69231,..,..,..,..,..,..,1.772351253,93.098
2018,YR2018,Tuvalu,Western Pacific,TUV,..,..,..,..,42587778.47,3700.710677,1.270855057,..,..,..,..,..,..,..,..,..,1.206413793,..,8.64286,15.57647,66.72794,71.19497,62.48507,..,..,..,2.582154044,62.387
2018,YR2018,Uganda,Africa,UGA,2.559999943,3.802000046,10.8409996,3.631999969,27476945526,643.1396702,2.214677203,..,..,..,70.83806,82.65601,829251,1.94098692,2.304079433,1.566526355,3.7213873,..,..,..,..,..,..,13,..,..,6.182660301,23.774
2018,YR2018,Ukraine,Europe,UKR,0.676999986,1.067000031,34.02600098,13.67099953,1.31E+11,3095.173581,3.862732572,33.66360092,..,..,..,..,7333571,16.43468644,20.36038914,11.883205,-0.466430103,10.32792,7.33711,12.98011,..,..,..,6,10.04170036,7.433899879,-0.313471501,69.352
2018,YR2018,United Arab Emirates,Eastern Mediterranean,ARE,1.42900002,2.963999987,26.30699921,6.063000202,4.14E+11,43004.94865,-0.090057226,54.60430145,..,..,..,..,104496,1.085000985,1.205242714,1.032579546,1.50389676,..,..,..,..,..,..,2,1.333199978,5.930399895,1.821075657,86.522
2018,YR2018,United Kingdom,Europe,GBR,1.419999957,3.234999895,27.37299919,7.566999912,2.83E+12,42491.36444,0.741644025,57.09199905,..,..,..,..,12231225,18.39586567,19.68968014,17.06906209,0.649023745,..,..,..,..,..,..,4,4.045100212,3.940399885,0.95525565,83.398
2018,YR2018,United States,Americas,USA,1.88499999,2.97300005,28.77499962,8.494999886,2.05E+13,62641.01457,2.22182891,55.21559906,..,..,..,..,51717496,15.80765406,17.31835602,14.26517692,0.619431053,..,..,..,..,..,..,6,3.946799994,3.83769989,0.860433167,82.256
2018,YR2018,Uruguay,Americas,URY,2.670000076,5.203000069,28.25200081,9.112999916,59596885024,17277.97011,1.247312548,47.73740005,..,..,99.00774,98.37136,510997,14.81451953,17.48489092,11.95492126,0.367502623,..,..,..,..,..,..,5,6.861499786,10.07209969,0.466150153,95.334
2018,YR2018,Uzbekistan,Europe,UZB,1.001000047,2.09100008,38.70299911,18.45499992,50499920318,1532.371639,3.324803918,..,..,..,..,..,1456345,4.419137878,4.987506698,3.847535929,1.734862316,11.93428,..,21.50664,..,..,..,3,..,..,1.592330512,50.478
2018,YR2018,Vanuatu,Western Pacific,VUT,1.070000052,1.817000031,9.671999931,2.443000078,887817896.3,3033.408146,0.671832718,..,..,..,86.70609,88.30635,10654,3.640153068,3.533301908,3.742782258,2.480280726,..,..,..,..,..,..,7,..,..,2.920346064,25.274
2018,YR2018,"Venezuela, RB",Americas,VEN,1.598999977,4.747000217,27.65099907,10.74600029,..,..,..,..,..,..,..,..,2097993,7.26698662,7.988458474,6.528120641,-1.785864856,..,..,..,..,..,..,20,..,..,-1.757515768,88.208
2018,YR2018,Vietnam,Western Pacific,VNM,1.136999965,2.877000093,29.6779995,21.65800095,2.45E+11,2563.820731,6.018088398,..,..,..,93.59671,96.45678,6950543,7.274978298,8.858511615,5.68513188,0.992716375,..,..,20.27696,..,..,..,8,..,..,2.977820697,35.919
2018,YR2018,Virgin Islands (U.S.),Americas,VIR,3.066999912,7.826000214,34.84000015,11.07699966,..,..,..,..,..,..,..,..,20634,19.28830722,20.56771184,17.88691373,-0.271651781,..,..,..,..,..,..,..,..,..,-0.148328888,95.721
2018,YR2018,West Bank and Gaza,Western Pacific,PSE,1.917999983,7.369999886,34.4469986,11.75899982,14615900000,3198.866644,-1.618564497,33.17670059,..,..,95.74195,98.65776,143163,3.133305737,3.351414916,2.921248009,2.533011484,27.87912,17.33404,24.45322,89.48775,93.89944,85.24379,10,25.08469963,51.23379898,2.888118685,76.164
2018,YR2018,"Yemen, Rep.",Eastern Mediterranean,YEM,2.232000113,7.552000046,10.26099968,15.19299984,26914402224,944.4084994,-4.968006747,..,..,..,..,..,819699,2.876269756,3.156874243,2.599962646,2.357022518,..,..,..,..,..,..,6,..,..,4.080208807,36.642
2018,YR2018,Zambia,Africa,ZMB,0.239999995,0.356000006,16.90099907,3.977999926,26720073436,1539.900158,0.815169499,..,..,..,83.08344,90.60118,364332,2.099678026,2.530612273,1.660074524,2.912801004,..,..,..,..,..,..,7,..,..,4.172970375,43.521
2018,YR2018,Zimbabwe,Africa,ZWE,0.305999994,0.638999999,12.0710001,2.147000074,31000519447,2146.996385,4.672029259,..,..,..,..,..,424438,2.939523653,3.616562207,2.195920728,1.410782722,..,..,..,..,..,..,9,..,..,1.323892229,32.209
2018,YR2018,Arab World,,ARB,1.566761721,6.068445435,27.72462623,9.187184429,2.78E+12,6626.135357,0.177434958,..,..,..,67.22897,81.35474,19133535,4.557876424,5.03439618,4.114540711,1.915912316,..,14.49976,20.78495,72.33986,69.82211,74.74961,7.181818182,..,..,2.409377647,58.92541859
2018,YR2018,Caribbean small states,,CSS,2.436447442,5.242304845,28.61240418,8.236039209,72930271173,9910.397885,1.03128134,..,..,..,..,..,636430,8.796658749,9.348854432,8.235636201,0.601162818,..,15.1103,18.92805,86.47735,89.03225,84.0072,6.692307692,..,..,0.906128378,51.19936158
2018,YR2018,Central Europe and the Baltics,,CEB,2.067240487,4.466012259,41.84482132,19.19126061,1.63E+12,15913.23168,4.542053784,32.66045423,..,..,..,..,18923822,18.4601185,21.67046191,15.03682499,-0.220882355,..,10.02635,12.66168,101.8837,101.2976,102.4406,5.636363636,4.328306085,4.295631698,-0.087003905,62.33207606
2018,YR2018,Early-demographic dividend,,EAR,1.225486853,3.376956895,25.84430314,15.12330304,1.16E+13,3581.455983,2.755709113,33.26471487,..,..,73.60423,84.9596,189028683,5.817805684,6.311376744,5.342223491,1.308063541,..,21.40841,27.85282,74.49043,75.01063,74.00831,8.295081967,5.471946326,6.449875288,2.223636943,45.1312567
2018,YR2018,East Asia & Pacific,,EAS,1.677239128,4.000309257,28.19803322,23.69688655,2.59E+13,11132.22966,3.57940328,..,..,..,93.93963,97.25485,250129513,10.744358,11.84896981,9.669866818,0.605775424,..,14.75977,17.53589,84.83718,85.58041,84.16578,6.344827586,..,..,2.085951222,59.05278867
2018,YR2018,East Asia & Pacific (excluding high income),,EAP,1.716463789,4.02745701,27.70272879,24.910275,1.63E+13,7820.71228,5.634584838,..,..,..,94.19083,97.51447,197665493,9.496237874,10.42528118,8.598381541,0.652568917,..,14.98305,17.66661,83.66709,84.52948,82.8905,7.6,..,..,2.427495934,55.63358824
2018,YR2018,East Asia & Pacific (IDA & IBRD countries),,TEA,1.738419237,4.058296545,27.81687936,25.08050615,1.62E+13,7902.849346,5.632167095,..,..,..,94.11664,97.48526,195280540,9.498247565,10.40637702,8.621453375,0.654850956,..,14.95966,17.64651,83.54673,84.41218,82.76804,7.619047619,..,..,2.450055917,55.55509202
2018,YR2018,Euro area,,EMU,2.727619059,6.360411957,33.45287231,11.31775295,1.37E+13,40012.50166,1.725924978,40.10893505,..,..,..,..,70408316,20.60028759,22.83679507,18.26341807,0.181381489,..,11.42415,13.203,108.4108,107.9694,108.8267,5.210526316,7.851152312,8.570074337,0.470838245,76.99173271
2018,YR2018,Europe & Central Asia,,ECS,1.928823234,4.527609054,34.00012156,13.21657384,2.30E+13,25077.98448,1.741832542,40.61394366,..,..,97.88237,98.83254,149843891,16.3488906,18.70998754,13.83851195,0.368511547,..,11.08115,14.86965,105.1224,104.4102,105.7977,5.12244898,6.798299006,7.016033164,0.635952757,72.1835105
2018,YR2018,Europe & Central Asia (excluding high income),,ECA,1.242513886,3.051291959,34.47471193,15.55282568,3.39E+12,8125.769061,2.25439649,37.01528763,..,..,98.51828,99.54427,50109639,12.0469774,14.7073074,9.149685463,0.501868444,..,10.48524,18.39211,98.80405,97.52831,100.0163,4.9,7.074356696,6.815348733,0.769007204,66.94738051
2018,YR2018,Europe & Central Asia (IDA & IBRD countries),,TEC,1.374904959,3.273495665,35.27626882,15.66793217,4.04E+12,8788.47217,2.620850651,36.79433007,..,..,98.50061,99.52141,57598747,12.57559892,15.27214757,9.644937253,0.448856882,..,10.3459,17.06837,99.3929,98.11138,100.6112,5.045454545,6.749272698,6.535104715,0.696846839,66.28683231
2018,YR2018,European Union,,EUU,2.381253375,5.539796422,33.88970504,12.03937522,1.88E+13,36546.39969,1.808720213,41.80024911,..,..,..,..,102306628,19.93452168,22.18276094,17.58729923,0.199586639,..,11.79284,13.29708,110.6269,110.5548,110.6952,5.392857143,6.602739387,7.067142256,0.490645638,75.66564847
2018,YR2018,Fragile and conflict affected situations,,FCS,0.968930861,3.35435833,16.34703608,7.321428004,8.32E+11,1615.771362,0.145205139,..,..,..,56.20891,71.53458,17713227,3.450848012,3.830732258,3.068541801,2.20120685,..,19.02135,30.49175,47.4289,42.38706,52.36763,7.571428571,..,..,3.214931227,41.50682906
2018,YR2018,Heavily indebted poor countries (HIPC),,HPC,1.204675437,2.873654867,14.09305955,8.285122429,7.27E+11,932.0983588,1.284273091,..,..,..,55.48133,69.98758,23628692,3.028409238,3.354202843,2.700899274,2.78329757,..,21.37058,39.66142,41.21096,37.88848,44.47756,7.307692308,..,..,4.12525151,36.00846526
2018,YR2018,High income,,HIC,2.013778715,4.306030107,31.7107492,10.7397798,5.41E+13,44714.74107,1.704720009,47.01259323,..,..,..,..,216888374,17.93204393,20.00832288,15.83844229,0.488412288,..,12.63098,14.03652,105.7531,105.0239,106.4459,5.379310345,4.925915158,5.454409451,0.711902907,81.33497836
2018,YR2018,IBRD only,,IBD,1.699709674,3.759407344,28.22068998,21.08635387,3.05E+13,6383.675952,3.71581887,..,..,..,85.79008,92.28275,404863045,8.483780139,9.456275259,7.536990517,0.870067094,..,17.23354,21.996,83.36442,84.0251,82.76125,7.712121212,..,..,2.001930508,55.012428
2018,YR2018,IDA & IBRD total,,IBT,1.615354978,3.664809954,25.98164433,18.45034496,3.27E+13,5094.780612,3.332785512,..,..,..,80.05061,88.32628,463143690,7.224820741,8.007300304,6.458578935,1.223080036,..,18.02335,25.328,71.9927,71.52855,72.42458,7.319148936,..,..,2.303782393,50.42220177
2018,YR2018,IDA blend,,IDB,2.175510775,2.90447479,20.95871856,11.08553045,9.91E+11,1783.299056,1.236194818,..,..,..,58.28596,75.69121,19445231,3.498860383,3.703961263,3.299385765,2.263867843,..,18.86477,34.26502,48.10633,45.36359,50.71425,7,..,..,3.398123486,42.38042502
2018,YR2018,IDA only,,IDX,1.032809808,3.518714111,16.25395724,9.754525037,1.22E+12,1127.132559,2.725530563,..,..,..,59.68649,72.53029,38835414,3.587592591,3.900377281,3.272212277,2.264628755,..,23.53348,35.97722,47.85161,46.16495,49.50134,6.965517241,..,..,3.777649852,34.31596992
2018,YR2018,IDA total,,IDA,1.348861393,3.318587298,17.78682701,10.12265842,2.21E+12,1350.091506,1.985745595,..,..,..,59.21781,73.61888,58280645,3.557491151,3.834539564,3.281540037,2.264370902,..,21.68306,35.45098,47.91952,45.86932,49.90544,6.973333333,..,..,3.630047036,37.05186506
2018,YR2018,Late-demographic dividend,,LTE,1.821318142,4.079409898,29.38370537,23.7181555,2.22E+13,9686.991724,4.273256514,..,..,..,94.84279,97.45938,245419442,10.72325299,12.05270195,9.419887274,0.542394418,..,13.50771,17.16688,89.19515,89.90353,88.55396,5.666666667,..,..,1.944120753,62.44509902
2018,YR2018,Latin America & Caribbean,,LCN,2.615913506,5.476739969,27.1086223,12.02836835,5.79E+12,9023.504823,0.51089441,49.45647684,..,..,93.44784,94.30852,54091560,8.438306072,9.320502449,7.527571947,0.941967092,..,16.4962,21.30215,95.94882,97.93028,94.03574,8.181818182,7.280069081,9.974224832,1.242484937,80.58329099
2018,YR2018,Latin America & Caribbean (excluding high income),,LAC,2.626897354,5.481887852,26.97795891,12.12742918,5.19E+12,8527.550215,0.455120383,50.00686561,..,..,92.8302,93.81777,50193307,8.24270282,9.089486878,7.368764565,0.954793339,..,16.60104,21.57,95.91637,97.90873,93.99221,8.708333333,7.338917392,10.08526712,1.26961445,80.4016256
2018,YR2018,Latin America & the Caribbean (IDA & IBRD countries),,TLA,2.653822221,5.546566444,27.24191775,12.07462233,5.56E+12,8881.077105,0.573809484,49.46075519,..,..,93.32517,94.20759,51638103,8.256209237,9.125288302,7.359074899,0.986256836,..,16.65098,21.69085,95.95598,97.94394,94.03561,8.3,7.280069081,9.974224832,1.29639279,80.60141232
2018,YR2018,Least developed countries: UN classification,,LDC,0.924234896,3.356313931,15.884057,9.157631136,1.05E+12,1043.055789,1.820425202,..,..,..,58.09787,71.79852,35744163,3.540249106,3.851844434,3.225226108,2.361954866,..,24.74825,37.15033,46.40859,44.48205,48.29697,7.304347826,..,..,3.996273449,33.56806008
2018,YR2018,Low & middle income,,LMY,1.591427095,3.635367224,25.81817222,18.46219908,3.17E+13,4967.882744,3.33495251,..,..,..,79.81951,88.21015,456730553,7.156651231,7.924806062,6.404782183,1.227250784,..,18.11664,25.44687,71.89608,71.43701,72.3232,7.363636364,..,..,2.316753554,50.32784424
2018,YR2018,Low income,,LIC,0.863049184,2.344463522,14.15245673,8.012246387,5.73E+11,812.7803431,2.275165415,..,..,..,55.61861,71.1114,23216497,3.291171653,3.702198555,2.874525052,2.613688746,..,22.09153,39.82732,41.23453,37.70653,44.69902,7.1,..,..,4.029219733,32.57220389
2018,YR2018,Lower middle income,,LMC,1.384663016,3.22079802,24.8484985,15.3743599,6.71E+12,2218.899749,4.097497896,32.19677441,..,..,70.9349,83.38948,167148984,5.529415473,6.066286708,5.013371144,1.391436623,..,22.34035,28.87235,68.37509,68.24519,68.49518,7.70212766,5.001214532,4.840118805,2.586463667,40.50788978
2018,YR2018,Middle East & North Africa,,MEA,1.571683999,5.785764759,29.94941088,12.38452402,3.62E+12,8056.950437,0.621995794,..,..,..,72.33609,85.0673,23263387,5.182161356,5.611204585,4.78278544,1.735418508,..,14.91591,21.32469,81.4368,78.86392,83.88837,7.047619048,..,..,2.234918903,65.37197432
2018,YR2018,Middle East & North Africa (excluding high income),,MNA,1.768590129,6.82839638,29.36922814,14.76663973,..,..,..,..,..,..,69.41151,82.49586,20582368,5.375436375,5.692461145,5.063587993,1.686366943,..,16.20428,23.02361,77.6646,75.79043,79.45058,7.615384615,..,..,2.217486384,61.59054752
2018,YR2018,Middle East & North Africa (IDA & IBRD countries),,TMN,1.767543807,6.823550733,29.32379807,14.78770233,..,..,..,..,..,..,69.12166,82.31167,20439205,5.40251473,5.720550186,5.089626813,1.675843296,..,16.17787,23.00915,77.4084,75.39607,79.32563,7.416666667,..,..,2.206886284,61.414543
2018,YR2018,Middle income,,MIC,1.697381157,3.76425701,26.98293112,19.98230961,3.11E+13,5483.972023,3.503612128,..,..,..,82.35504,89.90774,433514056,7.637014665,8.459993754,6.834977643,1.057632127,..,17.83669,23.67467,76.88293,77.10224,76.68066,7.441176471,..,..,2.187149673,52.53425747
2018,YR2018,North America,,NAC,1.962907757,3.314818369,28.84222535,8.484612197,2.22E+13,60976.80192,2.045609382,55.96803119,..,..,..,..,58103481,15.95257736,17.44038553,14.43434357,0.701862097,..,14.93963,14.42524,100.1982,100.0157,100.3729,4,4.182113126,4.023878744,0.927243397,82.17315484
2018,YR2018,Not classified,,INX,..,..,..,..,..,..,..,..,..,..,..,..,..,..,..,..,..,..,..,..,..,..,..,..,..,..,..,..
2018,YR2018,OECD members,,OED,2.044737149,4.672846161,31.55993121,11.35904163,5.26E+13,40359.76391,1.637535804,47.33031835,..,..,..,..,223146231,17.11861841,18.91231196,15.26605841,0.563458637,..,13.67666,15.32034,105.5306,105.5561,105.5064,5,5.174654566,5.450342869,0.811305321,80.59330757
2018,YR2018,Other small states,,OSS,1.67642074,2.6377731,32.65467338,9.381757388,4.52E+11,14682.01353,0.117118185,..,..,..,81.74337,86.92557,1687570,5.492465783,6.700281074,4.427269385,2.023924667,..,13.96217,22.81707,68.40531,69.3957,67.45182,7.346153846,..,..,2.840758231,62.11803815
2018,YR2018,Pacific island small states,,PSS,1.019481805,1.677943113,13.3286995,8.952010723,10302802236,4192.618455,2.084914625,..,..,..,..,..,106937,4.537317377,4.958347237,4.128387365,1.456636965,..,..,23.07468,..,..,..,6.666666667,..,..,2.117138017,38.78134412
2018,YR2018,Post-demographic dividend,,PST,1.946663459,4.223121575,31.16945882,10.68333873,5.00E+13,45070.10927,1.757594466,48.36969342,..,..,..,..,210394622,18.95451697,20.99509313,16.83877762,0.358224318,..,12.57776,14.12635,104.5585,104.3034,104.8005,5.361111111,5.328294375,5.376469003,0.58335758,81.28069478
2018,YR2018,Pre-demographic dividend,,PRE,1.863439284,3.458337665,13.79604027,7.346751626,1.31E+12,1427.934483,-0.570669425,..,..,..,54.83552,70.6175,25320915,2.753813638,3.046227322,2.461709694,2.791762185,..,20.52323,35.41248,41.79851,37.67523,45.84135,7.243243243,..,..,4.171734863,41.22695151
2018,YR2018,Small states,,SST,1.806892513,3.044183384,31.01680976,9.113563182,5.36E+11,13202.51903,0.378890745,..,..,..,84.50717,87.73817,2430937,6.029569449,7.097756104,5.057759234,1.728544209,..,14.52619,22.18372,71.59381,72.90704,70.33123,7.041666667,..,..,2.50095951,58.72442407
2018,YR2018,South Asia,,SAS,0.504030191,2.265577503,25.74667453,17.42520186,3.46E+12,1905.76641,5.502304459,28.53592113,..,..,63.72935,80.31286,105970472,5.840560482,6.235607631,5.470576795,1.202181388,..,27.19053,33.24669,69.29614,69.43014,69.17482,7.625,5.165529215,5.207420513,2.49335753,33.99236125
2018,YR2018,South Asia (IDA & IBRD),,TSA,0.504030191,2.265577503,25.74667453,17.42520186,3.46E+12,1905.76641,5.502304459,28.53592113,..,..,63.72935,80.31286,105970472,5.840560482,6.235607631,5.470576795,1.202181388,..,27.19053,33.24669,69.29614,69.43014,69.17482,7.625,5.165529215,5.207420513,2.49335753,33.99236125
2018,YR2018,Sub-Saharan Africa,,SSF,1.729890737,3.434367656,14.03571076,8.008311433,1.70E+12,1574.197871,-0.301673919,..,..,..,58.80101,72.54938,32216623,2.987705607,3.330139662,2.643715607,2.680831268,..,21.60546,37.36194,43.40879,40.731,46.04167,7.541666667,..,..,4.059143976,40.17682337
2018,YR2018,Sub-Saharan Africa (excluding high income),,SSA,1.729890737,3.434367656,14.03571076,8.008311433,1.70E+12,1572.86396,-0.302775447,..,..,..,58.7967,72.54654,32209274,2.987292174,3.329650935,2.643376168,2.680988439,..,21.60801,37.36509,43.40641,40.7283,46.03959,7.510638298,..,..,4.059445644,40.17534134
2018,YR2018,Sub-Saharan Africa (IDA & IBRD countries),,TSS,1.729890737,3.434367656,14.03571076,8.008311433,1.70E+12,1574.197871,-0.301673919,..,..,..,58.80101,72.54938,32216623,2.987705607,3.330139662,2.643715607,2.680831268,..,21.60546,37.36194,43.40879,40.731,46.04167,7.541666667,..,..,4.059143976,40.17682337
2018,YR2018,Upper middle income,,UMC,1.901559939,4.352564285,29.29350516,22.99091524,2.44E+13,9200.453954,3.596309724,..,..,..,93.74047,96.63746,266365072,10.0379488,11.1462371,8.940720379,0.680328005,..,14.16773,18.39381,91.51,92.38136,90.70966,7.218181818,..,..,1.910795935,66.2333683
2018,YR2018,World,,WLD,1.675785984,3.743603051,26.76915364,16.91975274,8.58E+13,11298.30371,1.907945696,..,..,..,82.76805,89.83819,673618927,8.873442244,9.874355486,7.889111242,1.108773876,..,16.9982,23.44631,75.56108,75.10783,75.98374,6.757894737,..,..,1.935714776,55.27057855
,,,,,,,,,,,,,,,,,,,,,,,,,,,,,,,,
,,,,,,,,,,,,,,,,,,,,,,,,,,,,,,,,
,,,,,,,,,,,,,,,,,,,,,,,,,,,,,,,,
Data from database: World Development Indicators,,,,,,,,,,,,,,,,,,,,,,,,,,,,,,,,
Last Updated: 10/16/2019,,,,,,,,,,,,,,,,,,,,,,,,,,,,,,,,
