Time,Time Code,Country Name,Country Code,"Employers, female (% of female employment) (modeled ILO estimate) [SL.EMP.MPYR.FE.ZS]","Employers, male (% of male employment) (modeled ILO estimate) [SL.EMP.MPYR.MA.ZS]","Employment in industry, male (% of male employment) (modeled ILO estimate) [SL.IND.EMPL.MA.ZS]","Employment in industry, female (% of female employment) (modeled ILO estimate) [SL.IND.EMPL.FE.ZS]",GDP (current US$) [NY.GDP.MKTP.CD],GDP per capita (current US$) [NY.GDP.PCAP.CD],GDP per capita growth (annual %) [NY.GDP.PCAP.KD.ZG],"Labor force participation rate for ages 15-24, total (%) (national estimate) [SL.TLF.ACTI.1524.NE.ZS]","Life expectancy at birth, female (years) [SP.DYN.LE00.FE.IN]","Life expectancy at birth, male (years) [SP.DYN.LE00.MA.IN]","Literacy rate, adult female (% of females ages 15 and above) [SE.ADT.LITR.FE.ZS]","Literacy rate, adult male (% of males ages 15 and above) [SE.ADT.LITR.MA.ZS]","Population ages 65 and above, total [SP.POP.65UP.TO]",Population ages 65 and above (% of total population) [SP.POP.65UP.TO.ZS],"Population ages 65 and above, female (% of female population) [SP.POP.65UP.FE.ZS]","Population ages 65 and above, male (% of male population) [SP.POP.65UP.MA.ZS]",Population growth (annual %) [SP.POP.GROW],"Pupil-teacher ratio, tertiary [SE.TER.ENRL.TC.ZS]","Pupil-teacher ratio, secondary [SE.SEC.ENRL.TC.ZS]","Pupil-teacher ratio, primary [SE.PRM.ENRL.TC.ZS]","School enrollment, secondary (% gross) [SE.SEC.ENRR]","School enrollment, secondary, female (% gross) [SE.SEC.ENRR.FE]","School enrollment, secondary, male (% gross) [SE.SEC.ENRR.MA]",Start-up procedures to register a business (number) [IC.REG.PROC],"Unemployment, male (% of male labor force) (national estimate) [SL.UEM.TOTL.MA.NE.ZS]","Unemployment, female (% of female labor force) (national estimate) [SL.UEM.TOTL.FE.NE.ZS]",Urban population growth (annual %) [SP.URB.GROW],Urban population (% of total population) [SP.URB.TOTL.IN.ZS]
2018,YR2018,Afghanistan,AFG,0.14300000667572,0.714999973773956,18.5540008544922,15.8439998626709,19362969582.3643,520.896602719135,-1.35017833585495,..,..,..,29.80521,55.47545,960879,2.58492693988024,2.85168676664079,2.33214265531168,2.38476110022344,21.52832,..,..,..,..,..,4,..,..,3.35038297624495,25.495
2018,YR2018,Albania,ALB,1.01600003242493,3.46300005912781,22.5179996490479,15.0150003433228,15058879128.6536,5253.63006411357,4.26134228002314,..,..,..,97.76112,98.51362,393976,13.7447359109736,14.5387415783404,12.9788964134527,-0.246732042281782,14.06519,11.19927,17.57287,95.43233,95.70465,95.19122,5,..,..,1.31716210445698,60.319
2018,YR2018,Algeria,DZA,1.92900002002716,4.61299991607666,32.3720016479492,22.121000289917,180689115940.685,4278.85005953418,0.0709052141153421,..,..,..,75.32297,87.42296,2686782,6.36249654497986,6.57153171964081,6.15773219126783,2.00737383000812,27.2934,..,24.32018,..,..,..,12,..,..,2.80499567674668,72.629
2018,YR2018,American Samoa,ASM,..,..,..,..,..,..,..,..,..,..,..,..,..,..,..,..,-0.279065761519574,..,..,..,..,..,..,..,..,..,-0.299515834872394,87.153
2018,YR2018,Andorra,AND,..,..,..,..,3236543909.34844,42029.7627372989,1.6227466770119,..,..,..,..,..,..,..,..,..,0.00649321134981403,4.42958,8.01599,10.49757,..,..,..,..,..,..,-0.092859413109399,88.062
2018,YR2018,Angola,AGO,2.59899997711182,5.99499988555908,15.4060001373291,1.1139999628067,105750987618.63,3432.38573600893,-5.28777959390334,..,..,..,..,..,682859,2.21637364776329,2.43095469211594,1.99722349415499,3.27613387502724,..,..,..,..,..,..,7,..,..,4.31179134171658,65.514
2018,YR2018,Antigua and Barbuda,ATG,..,..,..,..,1623804016.2963,16864.3833609901,3.99343927045501,..,..,..,..,..,8473,8.79982551980558,9.16511240799792,8.41034921045262,0.897185120114641,..,9.29704,12.40564,111.196,109.0701,113.2773,9,..,..,0.431582289598593,24.599
2018,YR2018,Argentina,ARG,2.46199989318848,4.81500005722046,31.8239994049072,8.97500038146973,518475134084.357,11652.5662897487,-3.49984193067345,39.4061012268066,..,..,99.06204,98.93774,4946805,11.1177888760774,12.8326577861866,9.31610791268895,1.01580834908004,..,..,..,..,..,..,11,8.20289993286133,10.5082998275757,1.14760215897919,91.87
2018,YR2018,Armenia,ARM,0.40599998831749,1.60699999332428,22.55299949646,7.7350001335144,12433089919.0459,4212.07094272937,4.95169918042562,..,..,..,..,..,332187,11.2538176570131,12.8771492782801,9.42575255653176,0.236306378760517,6.92216,8.01689,15.41859,83.15068,84.80038,81.72561,3,..,..,0.309165596528027,63.149
2018,YR2018,Aruba,ABW,..,..,..,..,..,..,..,..,..,..,97.81268,97.80013,14343,13.5509471396854,14.8411927628503,12.1268211129687,0.453575638777095,..,..,..,..,..,..,..,..,..,0.725179011284149,43.411
2018,YR2018,Australia,AUS,4.10599994659424,7.91499996185303,29.5659999847412,7.57600021362305,1432195178668.32,57305.2990162045,1.22813876005694,67.8488006591797,..,..,..,..,3912924,15.6564752275591,16.5389515247849,14.7675277800315,1.57484884368487,..,..,..,..,..,..,3,5.28119993209839,5.31790018081665,1.70048876404874,86.012
2018,YR2018,Austria,AUT,2.63800001144409,6.38700008392334,36.5050010681152,11.1949996948242,455736580716.185,51512.9054751534,2.1546410038393,56.6519012451172,..,..,..,..,1681076,19.0015664595899,21.2088048981301,16.7191757259471,0.560750838441217,..,..,..,..,..,..,8,5.02080011367798,4.65119981765747,0.90957215809093,58.297
2018,YR2018,Azerbaijan,AZE,10.8400001525879,15.418999671936,22.2970008850098,5.97599983215332,46939529411.7647,4721.17808673142,0.512193852983529,..,..,..,..,..,615946,6.19518275071493,7.22116766289933,5.16465817169872,0.892098894830341,9.92033,7.60984,15.42982,94.48008,94.53944,94.42806,3,4.09999990463257,5.80000019073486,1.49919878086075,55.68
2018,YR2018,"Bahamas, The",BHS,1.97599995136261,6.63000011444092,26.9009990692139,3.34200000762939,..,..,..,..,..,..,..,..,27988,7.25760235662035,7.94905023876397,6.52459401458451,1.01095334432863,..,..,..,..,..,..,7,..,..,1.13169108074155,83.025
2018,YR2018,Bahrain,BHR,2.19400000572205,1.57200002670288,41.8390007019043,8.97299957275391,37746196808.5106,24050.7575053956,-3.10970606958499,..,..,..,94.94888,98.76317,38080,2.42633387832394,3.09134318730016,2.04539448395157,4.92116137205662,21.85798,10.23948,11.92315,98.59907,101.696,95.81735,6,..,..,5.03433159069524,89.287
2018,YR2018,Bangladesh,BGD,0.647000014781952,6.03800010681152,22.0620002746582,16.7369995117188,274024958965.892,1698.26280233547,6.73701752220683,..,..,..,71.18194,76.66926,8323375,5.15839063962068,5.16853184550647,5.14849709986703,1.05004464945676,37.11937,35.09524,30.05459,72.6906,78.27073,67.35348,9,..,..,3.1855928338674,36.632
2018,YR2018,Barbados,BRB,0.638999998569489,1.07500004768372,29.1539993286133,9.1850004196167,..,..,..,..,..,..,..,..,45297,15.8026939621338,17.1231813118185,14.3894603862119,0.142439722865012,..,17.93859,13.9917,103.7039,105.7529,101.764,8,..,..,0.104220957844381,31.147
2018,YR2018,Belarus,BLR,0.537000000476837,1.26499998569489,42.101001739502,19.6580009460449,59662495092.2654,6289.93855308212,3.18981305431069,..,..,..,99.72518,99.79398,1408120,14.8451481743098,18.7229158152739,10.3916701896982,-0.13567466715245,13.86492,8.56276,19.23259,102.4395,101.6907,103.1489,4,5.92999982833862,3.55999994277954,0.452596435271408,78.595
2018,YR2018,Belgium,BEL,2.48499989509583,5.41800022125244,30.8910007476807,8.45199966430664,531766935070.733,46556.0995671478,1.02123333687707,29.6259994506836,..,..,..,..,2146063,18.7887437383395,20.9131834657207,16.6128676296906,0.411541879773053,..,..,..,..,..,..,4,6.28289985656738,5.56440019607544,0.452363134048895,98.001
2018,YR2018,Belize,BLZ,4.68400001525879,7.96500015258789,18.5650005340576,8.13700008392334,1925000000,5025.17810014332,1.08533822716706,..,..,..,..,..,18144,4.73645877657144,4.59866959999584,4.87374081489324,1.92457576999509,..,16.72317,19.78332,85.37246,87.11591,83.65849,9,..,..,2.19397041149562,45.724
2018,YR2018,Benin,BEN,0.693000018596649,1.88199996948242,21.121000289917,17.6299991607666,10358985583.235,901.954052193336,3.97518359608362,..,..,..,31.07165,53.97703,373678,3.25360529746338,3.74328530243338,2.7619507753908,2.73486201301479,..,..,39.19712,..,..,..,6,..,..,3.89134692985346,47.312
2018,YR2018,Bermuda,BMU,..,..,..,..,..,..,..,..,..,..,..,..,..,..,..,..,0.147164730563287,14.53061,..,..,..,..,..,..,..,..,0.14705654939702,100
2018,YR2018,Bhutan,BTN,0.0599999986588955,0.130999997258186,10.2250003814697,9.10700035095215,2534965162.78084,3360.26686689029,1.09390317495041,..,..,..,..,..,45286,6.00301171280561,5.75290620611079,6.22520697331232,1.17684339517943,15.59269,10.81456,34.66868,90.09468,95.71011,84.70749,8,..,..,2.97300923031395,40.895
2018,YR2018,Bolivia,BOL,1.85399997234344,6.13000011444092,30.07200050354,9.9379997253418,40287647756.8741,3548.59013979338,2.7521559420484,49.6167984008789,..,..,..,..,816512,7.19194739218447,7.76018453005576,6.62859722782781,1.42189948560338,..,..,..,..,..,..,14,3.4556999206543,3.62649989128113,1.92007368157467,69.425
2018,YR2018,Bosnia and Herzegovina,BIH,3.66700005531311,6.0939998626709,38.3059997558594,15.6269998550415,19781776101.3881,5951.32329883943,3.92187490412419,32.1142997741699,..,..,..,..,547462,16.4703174710621,18.5847811393798,14.2693175711983,-0.826854592009436,9.3736,9.1229,16.92651,..,..,..,13,17.2061004638672,20.326000213623,-0.0590360925903149,48.245
2018,YR2018,Botswana,BWA,2.21700000762939,3.11899995803833,24.8110008239746,9.70600032806396,18616018903.4434,8258.64166574691,2.18304965007235,..,..,..,..,..,95211,4.22387434629301,4.85521154396996,3.54892047120414,2.197675757572,..,..,..,..,..,..,9,..,..,3.27767698014147,69.446
2018,YR2018,Brazil,BRA,3.22000002861023,5.84299993515015,27.7099990844727,10.5769996643066,1868626087908.48,8920.76210462979,0.328069801440051,55.2582015991211,..,..,93.42507,93.00904,18690609,8.92283783244003,9.99222704938913,7.81741651750992,0.783847578971981,..,..,..,..,..,..,11,10.8381004333496,14.1892995834351,1.08463813215672,86.569
2018,YR2018,British Virgin Islands,VGB,..,..,..,..,..,..,..,..,..,..,..,..,..,..,..,..,0.757847309225455,..,..,..,..,..,..,..,..,..,1.5661305825538,47.723
2018,YR2018,Brunei Darussalam,BRN,1.97300004959106,3.32999992370605,21.3390007019043,9.02799987792969,13567099497.8279,31627.7420793167,-0.994680766133385,..,..,..,96.30126,98.05362,20904,4.87314756750582,5.20974880614978,4.56115637224994,1.05199374278845,12.41771,8.26843,9.89521,93.48278,94.59945,92.43452,3,..,..,1.46107673789112,77.629
2018,YR2018,Bulgaria,BGR,2.2279999256134,4.90999984741211,36.2879981994629,22.3540000915527,65132951116.4756,9272.62930360848,3.84031545793022,23.6877002716064,..,..,..,..,1476625,21.021914434268,24.3961902303145,17.4519984740618,-0.733767859366281,..,..,..,..,..,..,7,5.69159984588623,4.65380001068115,-0.280793034328988,75.008
2018,YR2018,Burkina Faso,BFA,0.321999996900558,0.952000021934509,32.1020011901855,34.0970001220703,14441763758.6919,731.171716967411,3.49944439886167,..,..,..,32.68762,50.07459,475416,2.40698082866355,2.91698738058123,1.89502270192355,2.86707836702633,17.32014,23.11995,39.72173,40.70973,40.73,40.69022,3,..,..,4.98415981781227,29.358
2018,YR2018,Burundi,BDI,0.0390000008046627,0.114000000059605,3.53600001335144,0.777999997138977,3078029929.10347,275.429603285318,-1.56705346305485,..,..,..,..,..,251104,2.24694046033717,2.50374056163706,1.98580280225899,3.16677344240935,..,26.59842,42.52383,48.46502,51.08968,45.84184,3,..,..,5.70008634067739,13.032
2018,YR2018,Cabo Verde,CPV,3.02600002288818,6.46999979019165,30.8250007629395,12.0129995346069,1986928611.73543,3654.00734457117,4.30384124732903,32.5999984741211,..,..,..,..,25064,4.60932715666821,5.9668214604759,3.26240718887659,1.15976676910969,..,15.42052,21.07361,88.15511,92.49768,83.85197,8,12.6599998474121,11.5500001907349,1.87888979052915,65.732
2018,YR2018,Cambodia,KHM,0.324000000953674,0.486000001430511,28.9009990692139,24.7280006408691,24571753583.4922,1512.12670972847,5.92988960733733,..,..,..,..,..,742401,4.56868001756576,5.3693539579644,3.72849305215437,1.49035537141766,..,..,41.7035,..,..,..,9,..,..,3.25025074021303,23.388
2018,YR2018,Cameroon,CMR,2.33100008964539,3.78099989891052,17.318000793457,10.4799995422363,38502059858.4389,1526.87571339209,1.18190526560507,..,..,..,71.58627,82.62804,688120,2.72887735524057,3.02985722114583,2.42784886253157,2.61229075104427,..,..,44.83412,..,..,..,6,..,..,3.67693315164019,56.374
2018,YR2018,Canada,CAN,2.58999991416931,6.21700000762939,29.4130001068115,8.40100002288818,1712510030034.05,46210.5476227883,0.452912514520534,63.3387985229492,..,..,..,..,6385985,17.2320066788651,18.5204478409321,15.9239328623382,1.40924661684667,..,..,..,..,..,..,2,6.13700008392334,5.49280023574829,1.48420235658114,81.411
2018,YR2018,Cayman Islands,CYM,..,..,..,..,..,..,..,..,..,..,..,..,..,..,..,..,1.2418234783193,..,10.9653,15.74725,..,..,..,..,..,..,1.2418234783193,100
2018,YR2018,Central African Republic,CAF,0.428999990224838,1.37600004673004,10.8520002365112,7.12799978256226,2379716827.4977,509.970974805014,2.76760000767437,..,..,..,25.75638,49.51459,131861,2.82577370666008,3.37701902016312,2.26502710976211,1.51905153699811,..,..,..,..,..,..,10,..,..,2.45173611360753,41.364
2018,YR2018,Chad,TCD,0.125,0.335999995470047,4.72800016403198,1.04200005531311,11302544204.9904,730.244607565426,-0.415664166030837,..,..,..,..,..,383929,2.48051894434901,2.692245772835,2.26807251567264,3.02357969868233,..,..,..,..,..,..,8,..,..,3.89908834293785,23.059
2018,YR2018,Channel Islands,CHI,2.21499991416931,6.32800006866455,33.3689994812012,13.0059995651245,..,..,..,..,..,..,..,..,29492,17.2974621552033,18.6848520023215,15.8786427335025,1.0814932456123,..,..,..,..,..,..,..,..,..,1.08156592284642,30.914
2018,YR2018,Chile,CHL,2.69400000572205,5.69000005722046,31.1959991455078,10.7080001831055,298231139609.448,15923.3590619893,2.58767649436109,33.6613998413086,..,..,..,..,2159435,11.5298016568816,12.9752808988764,10.041929189148,1.39101054110467,..,..,..,..,..,..,7,6.69309997558594,7.98610019683838,1.47555844683509,87.564
2018,YR2018,China,CHN,1.80200004577637,4.08900022506714,28.8959999084473,28.2670001983643,13608151864637.9,9770.84708783314,6.11511707222505,..,..,..,95.15933,98.46654,152098421,10.9208835350654,11.8885814188649,10.0030083756477,0.455899678672578,..,13.25879,16.42675,..,..,..,4,..,..,2.49162820140588,59.152
2018,YR2018,Colombia,COL,2.47699999809265,5.23600006103516,23.3619995117188,13.8240003585815,330227866233.324,6651.29129267621,1.11227619537124,52.6559982299805,..,..,95.31892,94.85183,4209239,8.47804701986958,9.25801284256447,7.66841685001465,1.51727089084319,14.8453,..,..,97.50623,100.0915,95.03002,8,7.09159994125366,11.7934999465942,1.92912026786277,80.778
2018,YR2018,Comoros,COM,4.77400016784668,5.28499984741211,14.9820003509521,12.6090002059937,1203080507.99878,1445.45080869998,0.523712697729948,..,..,..,52.95639,64.6442,25028,3.00700930649436,3.30409611915983,2.71583530633536,2.23917061120128,..,..,..,..,..,..,9,..,..,2.8658559669186,28.965
2018,YR2018,"Congo, Dem. Rep.",COD,1.08299994468689,2.86999988555908,16.2709999084473,4.38500022888184,47227535290.9405,561.777182390647,2.39991066370666,..,..,..,..,..,2537041,3.01784062159803,3.30648643015587,2.72806400190695,3.22669890036105,..,..,..,..,..,..,4,..,..,4.53982452244543,44.46
2018,YR2018,"Congo, Rep.",COG,0.541000008583069,1.63800001144409,22.2950000762939,22.2220001220703,11263682694.0393,2147.76946104594,-1.5492440284501,..,..,..,74.61876,86.07651,140639,2.68171953903232,3.07271953083879,2.28953531487077,2.58170130027223,..,..,..,..,..,..,11,..,..,3.26700441390168,66.916
2018,YR2018,Costa Rica,CRI,2.3289999961853,5.15999984741211,23.5380001068115,9.80099964141846,60126014828.5951,12026.5475337333,1.64782906343981,45.2209014892578,..,..,97.92443,97.80235,477439,9.54984767296984,10.2260446505779,8.87341656166762,0.99478225758881,..,12.42779,12.2047,132.8169,137.7495,128.1026,10,..,..,1.98274148495537,79.34
2018,YR2018,Cote d'Ivoire,CIV,1.14999997615814,2.55200004577637,8.07199954986572,3.62199997901917,43007045466.3406,1715.53123817013,4.72569209854963,..,..,..,40.49937,53.65694,716715,2.85894301500285,2.72511974325885,2.99020178794968,2.55235886056005,..,27.28114,41.8223,51.02666,44.34893,57.71112,4,..,..,3.44846173720778,50.779
2018,YR2018,Croatia,HRV,3.30399990081787,6.14499998092651,37.1660003662109,13.3219995498657,60805659436.216,14869.0906823045,3.51149294013067,33.4939002990723,..,..,..,..,836096,20.445433012423,23.7220479156053,16.9189901464171,-0.855405632614006,..,..,..,..,..,..,8,7.644700050354,9.34070014953613,-0.362492009194312,56.947
2018,YR2018,Cuba,CUB,0.720000028610229,1.7039999961853,20.6119995117188,10.4779996871948,..,..,..,..,..,..,..,..,1721834,15.1862114171521,16.3669663552961,13.9898112951567,-0.00988649624040443,..,9.63133,9.16029,101.1372,101.9492,100.3693,..,..,..,0.068028841812254,77.037
2018,YR2018,Curacao,CUW,..,..,..,..,..,..,..,29.8400001525879,..,..,..,..,26671,16.6848948092804,17.9914131891597,15.1490409712091,-0.203734790367624,..,..,..,..,..,..,..,11.3000001907349,15.3800001144409,-0.269116912835956,89.145
2018,YR2018,Cyprus,CYP,0.788999974727631,3.25200009346008,25.7350006103516,6.85200023651123,24469841831.9169,28159.3016999455,2.74515567885148,39.2028007507324,..,..,..,..,163156,13.7190617734483,14.9528763038734,12.4865750661793,0.809225398288843,..,..,..,..,..,..,5,8.0290002822876,8.74219989776611,0.77031383453709,66.81
2018,YR2018,Czech Republic,CZE,1.58299994468689,4.36999988555908,48.9230003356934,23.9799995422363,245225882903.37,23078.5734865691,2.65491944004543,30.406400680542,..,..,..,..,2063603,19.4208768932343,22.1465964431977,16.606017842419,0.294597801117122,..,..,..,..,..,..,8,1.79190003871918,2.80419993400574,0.453281777798392,73.792
2018,YR2018,Denmark,DNK,1.50399994850159,4.55200004577637,27.4389991760254,8.81900024414063,352058410508.345,60726.4665351509,0.921311699524054,63.1838989257813,..,..,..,..,1148645,19.8129526369902,21.2302003085927,18.3800400868023,0.561579124028305,..,..,..,..,..,..,5,4.81799983978271,5.14940023422241,0.694828808740626,87.874
2018,YR2018,Djibouti,DJI,1.51999998092651,2.82100009918213,10.7819995880127,4.55499982833862,1965982321.62953,2050.20473202095,4.31750820567214,..,..,..,..,..,43416,4.52757937811482,4.95386505390667,4.14473997051784,1.5578736070438,..,25.41709,29.37453,51.45778,51.53135,51.39744,5,..,..,1.72390198898162,77.777
2018,YR2018,Dominica,DMA,..,..,..,..,503646211.111111,7031.70975373279,0.298339686612195,..,..,..,..,..,..,..,..,..,0.233431051672096,..,..,..,..,..,..,5,..,..,0.661813153617232,70.483
2018,YR2018,Dominican Republic,DOM,1.97500002384186,4.39900016784668,25.7560005187988,9.51200008392334,81298585403.3004,7650.07275254505,5.8031161286946,..,..,..,..,..,752703,7.08281747649721,7.5244966413907,6.6411054925467,1.07884114802307,..,..,..,..,..,..,7,..,..,2.06676245726519,81.074
2018,YR2018,Ecuador,ECU,1.63100004196167,3.94400000572205,23.7350006103516,11.0380001068115,108398058000,6344.87197850057,-0.397089902803245,43.9966011047363,..,..,..,..,1222777,7.15728972666108,7.69527481091196,6.61992386276766,1.76561120074764,..,..,..,..,..,..,11,2.91510009765625,4.3798999786377,2.00248962909365,63.821
2018,YR2018,"Egypt, Arab Rep.",EGY,2.08699989318848,12.6429996490479,31.7019996643066,6.80800008773804,250895469644.498,2549.13945832295,3.19443129839827,..,..,..,..,..,5147337,5.22977934620923,5.8435972893725,4.6288843606622,2.03326217641077,..,15.16281,23.67945,87.91114,87.30088,88.4872,6,..,..,2.03092130898479,42.704
2018,YR2018,El Salvador,SLV,2.91100001335144,4.63399982452393,24.4839992523193,17.8530006408691,26056950000,4058.24465202163,2.01666695103046,46.3280982971191,..,..,..,..,532093,8.28709000480629,9.04192930148327,7.43239831678419,0.509367035813322,..,..,..,..,..,..,9,4.18669986724854,3.74819993972778,1.55334406830393,72.023
2018,YR2018,Equatorial Guinea,GNQ,1.0349999666214,2.26699995994568,19.8509998321533,10.7440004348755,13317453070.3876,10173.963020188,-6.43241382030261,..,..,..,..,..,32173,2.45787734677897,2.84304155954852,2.1485336715017,3.6545067728316,..,..,..,..,..,..,16,..,..,4.34581444152726,72.143
2018,YR2018,Eritrea,ERI,0.619000017642975,1.53600001335144,10.8509998321533,5.27600002288818,..,..,..,..,..,..,68.94619,84.37324,..,..,..,..,..,..,..,..,..,..,..,13,..,..,..,..
2018,YR2018,Estonia,EST,2.48799991607666,6.68599987030029,41.7999992370605,17.1730003356934,30284890757.0585,22927.7444174193,3.5905362738265,47.3256988525391,..,..,..,..,259241,19.6263568469749,24.3808194534022,14.293777519795,0.26532574046817,..,..,..,..,..,..,3,5.41060018539429,5.31860017776489,0.502234551294875,68.88
2018,YR2018,Eswatini,SWZ,1.55299997329712,2.62299990653992,24.8729991912842,23.7639999389648,4703787506.89153,4139.96194908385,-0.388935099630388,..,..,..,88.54269,88.28758,45613,4.01458794083506,5.02381312887996,2.95451843151102,1.01179839738944,..,..,..,..,..,..,12,..,..,1.74553277780684,23.799
2018,YR2018,Ethiopia,ETH,0.172999992966652,0.853999972343445,12.878999710083,10.9840002059937,84355462494.0837,772.312227821251,4.0480702388884,..,..,..,..,..,3824097,3.50113299760986,3.76425745879959,3.23818330959287,2.62001348207265,..,..,..,..,..,..,11,..,..,4.82593017790277,20.763
2018,YR2018,Faroe Islands,FRO,..,..,..,..,..,..,..,..,..,..,..,..,..,..,..,..,0.342876363511462,..,..,..,..,..,..,..,..,..,0.703448801850133,42.064
2018,YR2018,Fiji,FJI,0.919000029563904,1.33500003814697,15.456000328064,8.17500019073486,5479504926.19335,6202.16226706496,4.28406092703501,..,..,..,..,..,48147,5.44968041263952,6.08726596489617,4.83027292515488,0.684181932039617,..,..,..,..,..,..,11,..,..,1.58797724617295,56.248
2018,YR2018,Finland,FIN,1.95099997520447,5.73699998855591,34.5149993896484,8.39700031280518,273960969999.218,49648.1492554831,1.47632774298782,53.0848999023438,..,..,..,..,1198564,21.7207875455222,24.0503274252909,19.323509785823,0.178410431838419,..,..,..,..,..,..,3,7.4193000793457,7.29850006103516,0.245173347990991,85.382
2018,YR2018,France,FRA,2.26600003242493,5.85400009155273,29.738000869751,9.65200042724609,2777535239277.98,41463.6440227034,1.5394631190138,37.6800994873047,..,..,..,..,13420643,20.0346247469881,22.1365594286413,17.7960379016483,0.182439828965582,..,..,..,..,..,..,5,9.02309989929199,9.09720039367676,0.511159791567137,80.444
2018,YR2018,French Polynesia,PYF,2.25699996948242,4.84000015258789,24.2439994812012,6.10300016403198,..,..,..,..,..,..,..,..,23021,8.29050810468202,8.6469870985171,7.94175336858264,0.569178577392632,..,..,..,..,..,..,..,..,..,0.650333739060976,61.834
2018,YR2018,Gabon,GAB,1.32400000095367,3.02500009536743,14.2170000076294,2.33800005912781,17017401831.9223,8029.82238356148,-1.37964032404159,..,..,..,83.42397,85.85235,75529,3.56390746835592,4.06212526408815,3.08363350676687,2.60295406093609,..,..,..,..,..,..,7,..,..,3.04478422807304,89.37
2018,YR2018,"Gambia, The",GMB,1.26699995994568,1.65699994564056,24.6429996490479,4.33699989318848,1624464137.00149,712.452397744265,3.50461935344937,..,..,..,..,..,59054,2.58998093938232,2.62518327728058,2.55412392329139,2.94672228129321,..,..,36.13813,..,..,..,7,..,..,4.0478524176413,61.27
2018,YR2018,Georgia,GEO,1.24399995803833,2.65599989891052,19.9629993438721,5.44500017166138,16209818081.3701,4344.63095185476,4.63328513274051,..,..,..,..,..,554631,14.8654914310525,17.7710097984416,11.6801308648854,0.0803324454878194,8.32638,7.57537,8.98194,105.9787,106.7773,105.2726,1,..,..,0.766612892529446,58.632
2018,YR2018,Germany,DEU,2.39299988746643,6.05999994277954,38.9469985961914,13.6300001144409,3996759291057.81,48195.5799044116,1.09395375298553,50.2756004333496,..,..,..,..,17797959,21.4619619953309,23.8288649227272,19.0311187010646,0.327228150005957,..,..,..,..,..,..,9,3.79229998588562,2.91009998321533,0.39321679622213,77.312
2018,YR2018,Ghana,GHA,4.46700000762939,6.73699998855591,17.8360004425049,19.4640007019043,65556464056.4301,2202.31216470307,3.95866718573255,..,..,..,74.47439,83.52458,913522,3.06889800693396,3.36445735109198,2.78121495720532,2.19282883696746,26.51922,16.01642,27.24556,71.31969,70.7867,71.82998,8,..,..,3.36449369189313,56.06
2018,YR2018,Gibraltar,GIB,..,..,..,..,..,..,..,..,..,..,..,..,..,..,..,..,-0.0296533525287643,..,..,..,..,..,..,..,..,..,-0.0296533525287643,100
2018,YR2018,Greece,GRC,4.7979998588562,9.10400009155273,20.443000793457,8.09200000762939,218031844583.994,20324.2535641478,2.19102951842996,23.2707996368408,..,..,..,..,2323106,21.6552720778435,23.6517706770307,19.5848291397186,-0.251471724522021,..,..,..,..,..,..,4,15.3711004257202,24.2332000732422,0.171906459959777,79.058
2018,YR2018,Greenland,GRL,..,..,..,..,..,..,..,..,..,..,..,..,..,..,..,..,-0.260258979661646,..,..,..,..,..,..,..,..,..,0.0205617469984515,86.816
2018,YR2018,Grenada,GRD,..,..,..,..,1207454555.55556,10833.6583303924,4.28147053288497,..,..,..,..,..,10724,9.62190679562869,10.5938104798596,8.66600192300844,0.521752829835629,..,..,..,..,..,..,6,..,..,0.822129986088672,36.272
2018,YR2018,Guam,GUM,1.70700001716614,4.49499988555908,22.7360000610352,2.96900010108948,..,..,..,..,..,..,..,..,16328,9.84991071859466,10.9583531390544,8.76461665253276,0.901084421670108,..,..,..,..,..,..,..,..,..,0.986937432372511,94.78
2018,YR2018,Guatemala,GTM,2.22399997711182,3.30200004577637,22.125,18.0909996032715,78460447919.9915,4549.01008110721,1.15437176803846,..,..,..,..,..,829977,4.81207250828785,5.24449225513624,4.36638315328609,1.9487986359316,..,10.49312,20.26228,52.72243,51.43818,53.9577,6,..,..,2.68404324245218,51.054
2018,YR2018,Guinea,GIN,0.995999991893768,2.41799998283386,11.4370002746582,2.34699988365173,10989790256.3533,885.251228166811,5.62412411442833,..,..,..,..,..,363246,2.92602244847935,3.49389357497889,2.31567338809724,2.83313635348047,..,..,..,..,..,..,6,..,..,3.79794652024178,36.14
2018,YR2018,Guinea-Bissau,GNB,0.60699999332428,1.5,10.8940000534058,6.36499977111816,1458156026.13413,777.969921786711,1.24347415339238,..,..,..,..,..,52925,2.82371633615269,3.39614142612707,2.22410392845632,2.49377196123486,..,..,..,..,..,..,9,..,..,3.45547607315278,43.36
2018,YR2018,Guyana,GUY,2.01600003242493,4.67500019073486,33.0820007324219,11.3979997634888,3610435298.87019,4634.68133523087,2.94031574351514,..,..,..,..,..,50248,6.45027124309697,7.03748376322138,5.86702267780736,0.486803065283861,..,..,..,..,..,..,7,..,..,0.742878546557036,26.606
2018,YR2018,Haiti,HTI,0.949000000953674,1.62000000476837,13.7390003204346,6.30700016021729,9658084644.22796,868.284799613704,0.199182912567309,..,..,..,..,..,550531,4.94940384843253,5.43935913532824,4.44667515023105,1.2739963989891,..,..,..,..,..,..,12,..,..,2.97438496504292,55.278
2018,YR2018,Honduras,HND,5.72100019454956,14.9680004119873,20.7830009460449,20.007999420166,23803230472.6372,2482.73020626573,2.03037523829596,57.568000793457,..,..,87.26556,87.13764,449714,4.69061765907812,5.15086823110261,4.229477737772,1.66710361374407,21.45735,..,..,..,..,..,11,4.61999988555908,7.16989994049072,2.79258669978111,57.096
2018,YR2018,"Hong Kong SAR, China",HKG,1.11600005626678,4.40199995040894,19.3819999694824,3.93600010871887,362992536837.405,48717.2912142538,2.2014888856886,..,..,..,..,..,1257360,16.8750483265122,16.7018172406586,17.0783648289519,0.799050247136158,..,11.22247,13.34788,107.4898,105.7951,109.075,2,..,..,0.799050247136158,100
2018,YR2018,Hungary,HUN,2.88000011444092,6.09499979019165,41.0709991455078,19.6509990692139,155703069815.638,15938.8367965554,5.14646909694936,32.2631988525391,..,..,..,..,1871477,19.1577253832321,22.7493030777352,15.198967087612,-0.196157389848075,..,..,..,..,..,..,6,3.47720003128052,3.98650002479553,0.209713806560105,71.351
2018,YR2018,Iceland,ISL,1.89100003242493,5.59100008010864,26.7110004425049,6.83300018310547,25882218777.4084,73201.7025499851,1.60130798167603,80.3022003173828,..,..,..,..,52312,14.7950925565689,15.566234602497,14.0298242499556,2.9196850184929,..,..,..,..,..,..,5,2.8471999168396,2.53629994392395,2.96236826391369,93.813
2018,YR2018,India,IND,0.547999978065491,1.92299997806549,26.3439998626709,18.7479991912842,2726322616821.31,2015.59048548675,5.87831682979929,26.5781002044678,..,..,65.79081,82.36671,83591151,6.17995564947149,6.68003729134215,5.71791009752031,1.03732336037888,24.72586,..,..,..,..,..,10,5.3383002281189,5.30109977722168,2.30896547809895,34.03
2018,YR2018,Indonesia,IDN,1.7940000295639,4.50299978256226,25.5109996795654,16.4930000305176,1042173300625.55,3893.59607757239,3.98560422637033,47.7407989501953,..,..,93.99218,97.33134,15677491,5.85716561272863,6.45814680826873,5.26467180652663,1.1337698607638,27.26144,15.2071,17.03493,88.91017,90.04094,87.84292,10,4.67950010299683,4.25110006332397,2.34486951482515,55.325
2018,YR2018,"Iran, Islamic Rep.",IRN,1.3639999628067,4.32600021362305,33.3720016479492,25.2830009460449,..,..,..,27.25,..,..,..,..,5058998,6.18457380562499,6.01419454548318,6.35132539203477,1.38647970473313,..,..,..,..,..,..,10,10.3699998855591,18.9400005340576,2.06166855372816,74.898
2018,YR2018,Iraq,IRQ,3.23799991607666,3.33800005912781,26.0259990692139,7.67399978637695,225914183047.981,5878.03856646219,-1.67383333713278,..,..,..,44.014,56.24399,1277379,3.32359966279505,3.70204392029147,2.95401162729999,2.3184640284933,..,..,..,..,..,..,8,..,..,2.59555117050786,70.473
2018,YR2018,Ireland,IRL,2.21399998664856,6.23999977111816,26.9120006561279,8.43299961090088,382487490532.479,78806.431996268,7.14204116916068,46.7205009460449,..,..,..,..,672978,13.8658017012923,14.5961624807447,13.123424184846,0.954742911312071,..,..,..,..,..,..,3,5.78240013122559,5.69110012054443,1.30837590975954,63.17
2018,YR2018,Isle of Man,IMN,..,..,..,..,..,..,..,..,..,..,..,..,..,..,..,..,0.571344926815681,..,..,..,..,..,..,..,..,..,0.817554628660754,52.588
2018,YR2018,Israel,ISR,1.64600002765656,6.29400014877319,25.8980007171631,7.7020001411438,369690436162.433,41613.9980821757,1.32610383504699,47.0699996948242,..,..,..,..,1064011,11.9769860249625,13.2131694048567,10.7260225370316,1.93787994310203,..,..,..,..,..,..,4,4.03800010681152,3.9539999961853,2.02663929624138,92.418
2018,YR2018,Italy,ITA,3.71000003814697,7.90399980545044,35.2779998779297,12.6040000915527,2073901988878.23,34318.3511241724,1.03421350388709,26.0755996704102,..,..,98.97192,99.35345,13749132,22.7516796025077,25.0790741820344,20.2929080924297,-0.174304003809544,..,..,..,..,..,..,6,9.74530029296875,11.773699760437,0.243957932508016,70.438
2018,YR2018,Jamaica,JAM,2.44600009918213,4.47399997711182,23.2740001678467,6.0939998626709,15717858486.9424,5355.58263932713,1.370319338063,34.1819000244141,..,..,..,..,258169,8.79664255070196,9.00534723162312,8.58518250674293,0.478235140362221,..,16.69828,24.79434,82.28867,83.60949,81.02319,2,6.71750020980835,11.8963003158569,1.01130784740472,55.674
2018,YR2018,Japan,JPN,0.779999971389771,2.90100002288818,32.6389999389648,14.0069999694824,4970915556638.88,39286.7376488008,0.992439865143396,47.5999984741211,..,..,..,..,34892133,27.576369910355,30.4458755094721,24.5722967908763,-0.202670345017896,..,..,..,..,..,..,8,2.59999990463257,2.20000004768372,-0.114218709913591,91.616
2018,YR2018,Jordan,JOR,1.56400001049042,6.67600011825562,26.5650005340576,15.3940000534058,42290832157.969,4247.76872564413,0.129635568275077,..,..,..,97.83208,98.61421,382957,3.84649039799834,4.13073075704802,3.56943944073548,1.79215692220237,..,12.26127,18.53699,63.11653,64.15522,62.0969,7,..,..,2.04748515667235,90.979
2018,YR2018,Kazakhstan,KAZ,0.796999990940094,1.86199998855591,30.1989994049072,11.7650003433228,170538870248.194,9331.04694986684,2.74027217138224,..,..,..,..,..,1350971,7.39184627103032,9.25806102256444,5.40948855724081,1.31478014575849,16.54056,6.95898,19.63913,114.2437,114.7181,113.7928,5,..,..,1.47511306482708,57.428
2018,YR2018,Kenya,KEN,8.85900020599365,7.19899988174438,12.5819997787476,2.34100008010864,87908262520.2133,1710.51009699983,3.89615298197651,..,..,..,78.18893,84.98883,1202178,2.33918661191556,2.69850807635466,1.97525843512818,2.30594867522983,..,..,..,..,..,..,7,..,..,4.05252270231374,27.03
2018,YR2018,Kiribati,KIR,..,..,..,..,188284518.828452,1625.28610001512,0.513904298601034,..,..,..,..,..,4579,3.95262717204589,4.89270677712889,2.97867856264709,1.46869012445746,..,..,..,..,..,..,7,..,..,2.94934929072126,54.057
2018,YR2018,"Korea, Dem. People’s Rep.",PRK,0.372000008821487,1.77300000190735,19.3579998016357,14.4860000610352,..,..,..,..,..,..,..,..,2384953,9.33452040978796,11.8877888152834,6.66698785338008,0.470124289654097,..,..,20.30024,..,..,..,..,..,..,0.82779442511481,61.899
2018,YR2018,"Korea, Rep.",KOR,0.699999988079071,2.51799988746643,33.265998840332,13.5430002212524,1619423701169.63,31362.75147294,2.3321730201375,29.2520008087158,..,..,..,..,7445058,14.4185558323969,16.5464336522935,12.2976311068865,0.327939403431369,..,..,..,..,..,..,2,3.93799996376038,3.72699999809265,0.273938168757402,81.459
2018,YR2018,Kosovo,XKX,..,..,..,..,7900268735.55547,4281.29232946159,3.32137453246553,22.4400005340576,..,..,..,..,..,..,..,..,0.794345852546323,..,..,..,..,..,..,3,28.3099994659424,33.2599983215332,..,..
2018,YR2018,Kuwait,KWT,0.584999978542328,0.72299998998642,34.7630004882813,4.60900020599365,141677814569.536,34243.9529098591,-0.74720418842594,..,..,..,94.90516,96.66646,105521,2.55047238400198,2.51675801475585,2.57272652396043,1.98243953053414,..,..,8.88073,..,..,..,7,..,..,1.98243953053414,100
2018,YR2018,Kyrgyz Republic,KGZ,1.31200003623962,1.77400004863739,29.2150001525879,11.2130002975464,8092836608.78875,1281.36366078545,1.5728332119447,40.0800018310547,..,..,99.49972,99.67701,283878,4.49472797559656,5.50598097390977,3.46183380491676,1.87955029622417,11.0836,10.64648,24.98946,95.05481,95.04675,95.06257,4,5.65999984741211,6.44999980926514,2.47549006666463,36.351
2018,YR2018,Lao PDR,LAO,0.273999989032745,0.824999988079071,11.6219997406006,6.52199983596802,18130724396.3364,2567.54321653103,4.86490568753158,..,..,..,..,..,287767,4.0751499644481,4.58090802431827,3.5729969035061,1.54802299147207,11.29744,18.15412,22.33717,67.36178,65.0222,69.63483,10,..,..,3.38167367903949,35.004
2018,YR2018,Latvia,LVA,3.125,6.2649998664856,33.8610000610352,12.6770000457764,34849078085.6672,18088.9272518674,5.62384452841995,37.7095985412598,..,..,..,..,386149,20.0436203206809,24.9209602857239,14.3158837112807,-0.811937907399897,..,..,..,..,..,..,4,8.40950012207031,6.42030000686646,-0.713559809546503,68.142
2018,YR2018,Lebanon,LBN,1.75800001621246,11.7180004119873,26.2140007019043,9.84200000762939,56639155555.5556,8269.78767551923,-0.342081302313773,..,..,..,93.30501,96.85466,479587,7.00236813439294,7.6152272281996,6.3980701959834,0.542458659560969,..,..,..,..,..,..,8,..,..,0.727747260731819,88.593
2018,YR2018,Lesotho,LSO,0.59799998998642,0.767000019550323,9.96100044250488,10.0860004425049,2791762880.25884,1324.282767995,0.668522531639866,..,..,..,..,..,103321,4.90108749682213,6.1881942768859,3.57567352454023,0.796281136528556,19.6773,..,..,..,..,..,7,..,..,2.31004152441553,28.153
2018,YR2018,Liberia,LBR,1.8289999961853,2.28699994087219,16.4939994812012,5.74399995803833,3249000000,674.209484710137,-1.22975996453044,..,..,..,..,..,156782,3.25343179968014,3.62061474647691,2.88954968368053,2.45252259258425,..,..,..,..,..,..,5,..,..,3.34403640334755,51.151
2018,YR2018,Libya,LBY,0.398999989032745,1.05200004577637,31.6909999847412,9.00699996948242,48319620013.078,7235.02811502498,6.25837975105672,..,..,..,..,..,293325,4.39204025898401,4.82590965221267,3.96744520502063,1.47586738980959,..,..,..,..,..,..,10,..,..,1.83231214599096,80.102
2018,YR2018,Liechtenstein,LIE,..,..,..,..,..,..,..,..,..,..,..,..,..,..,..,..,0.290582690270153,..,..,..,..,..,..,..,..,..,0.460957762829909,14.338
2018,YR2018,Lithuania,LTU,1.36899995803833,3.55100011825562,34.9980010986328,15.3500003814697,53251369047.3762,19089.7075056564,4.93579387876699,36.4835014343262,..,..,..,..,549678,19.7050331564608,24.2643301492244,14.3913220829226,-1.38380431071839,..,..,..,..,..,..,4,6.89109992980957,5.40939998626709,-1.14269563008415,67.679
2018,YR2018,Luxembourg,LUX,2.13499999046326,4.7039999961853,16.7919998168945,3.21499991416931,69487922619.3401,114340.498741773,0.67936341591566,33.1161003112793,..,..,..,..,86195,14.1831541841472,15.7086637847517,12.6842371091418,1.89231468434563,..,..,..,..,..,..,5,5.3289999961853,5.88149976730347,2.17183831662319,90.981
2018,YR2018,"Macao SAR, China",MAC,1.53199994564056,4.4539999961853,25.8719997406006,8.27999973297119,54545184267.5751,86355.407651836,3.20779108917435,..,..,..,..,..,66222,10.4842029270023,10.5570311167426,10.4064670761339,1.44331136552005,14.37169,9.75724,13.49843,101.0366,100.9029,101.1618,..,..,..,1.44331136552005,100
2018,YR2018,Madagascar,MDG,2.01900005340576,5.55800008773804,7.50699996948242,7.28000020980835,12100459087.2532,460.752780832755,2.4167649120435,..,..,..,72.38409,77.27514,784383,2.98671712579162,3.2302664149545,2.74200296214863,2.6696132402134,..,19.29784,39.81169,36.52693,37.06355,35.99303,5,..,..,4.48480404056497,37.191
2018,YR2018,Malawi,MWI,0.739000022411346,1.50199997425079,10.331000328064,6.06599998474121,7064971176.34408,389.398033178836,0.801419696455682,..,..,..,..,..,479970,2.64543493031032,3.12854220919166,2.14848960179242,2.64191728771031,..,72.31002,58.67919,40.28176,39.91857,40.64471,7,..,..,3.96730609077091,16.937
2018,YR2018,Malaysia,MYS,1.47399997711182,4.6729998588562,32.0149993896484,19.6030006408691,354348422831.193,11238.9573725301,3.3167697649489,..,..,..,..,..,2103510,6.67175462547886,7.04062039774215,6.32332565248315,1.35251165124592,13.34506,11.40208,..,81.99226,85.41413,78.77512,9,..,..,2.13016306751883,76.036
2018,YR2018,Maldives,MDV,1.567999958992,5.09600019454956,17.5349998474121,21.4529991149902,5272288442.84566,10223.6364890278,2.08541106203735,..,..,..,..,..,19098,3.70334460612454,4.68058092279513,3.10700497949167,3.81313622480854,..,..,..,..,..,..,6,..,..,4.89404521465671,39.808
2018,YR2018,Mali,MLI,0.137999996542931,0.924000024795532,8.20600032806396,4.25799989700317,17196688919.9878,901.403100689224,1.79167665678075,56.25,..,..,25.73516,46.18414,478322,2.50722975755683,2.81229700467724,2.20301620898723,3.00791357916659,..,..,37.82669,41.02728,36.99537,44.95349,5,6.53000020980835,7.86999988555908,4.87623694042438,42.356
2018,YR2018,Malta,MLT,1.87399995326996,6.51200008392334,26.2849998474121,9.27400016784668,14542039605.2294,30074.7411850959,3.13025432337083,55.4929008483887,..,..,95.98872,93.00997,98395,20.3493242997122,22.2932291357596,18.4141445336628,3.26472013750544,..,..,..,..,..,..,8,3.82529997825623,3.55529999732971,3.3344904568218,94.612
2018,YR2018,Marshall Islands,MHL,..,..,..,..,211523642.4,3621.17409480766,1.87706503689245,..,..,..,..,..,..,..,..,..,0.60959569220907,..,..,..,..,..,..,5,..,..,1.12641992007965,77.031
2018,YR2018,Mauritania,MRT,0.845000028610229,3.5090000629425,12.9790000915527,6.85699987411499,5365868725.27374,1218.59640995207,0.759147003620939,..,..,..,..,..,138313,3.14111215805009,3.63812973283916,2.64756400305051,2.78043440578277,..,25.9167,34.27814,36.83391,37.14018,36.53606,4,..,..,4.37299545808061,53.672
2018,YR2018,Mauritius,MUS,1.6710000038147,5.92500019073486,32.3610000610352,18.617000579834,14220348672.7333,11238.6903948961,3.71722856261256,..,..,..,89.36638,93.35735,145183,11.4741730686522,12.9026922866884,10.0123108071642,0.0545472669534157,..,10.9886,16.19841,95.0962,97.76666,92.52626,4,..,..,-0.0631393851909479,40.793
2018,YR2018,Mexico,MEX,2.3970000743866,5.80299997329712,30.8419990539551,17.3619995117188,1223808885585.61,9698.0841865066,0.851768910966769,43.7439994812012,..,..,94.60805,96.2329,9115625,7.22368498087198,7.77709923612024,6.64569600089072,1.12642114890216,..,..,..,..,..,..,8,3.19420003890991,3.42549991607666,1.48761995074654,80.156
2018,YR2018,"Micronesia, Fed. Sts.",FSM,..,..,..,..,344501760,3058.43181818182,0.33684836647727,..,..,..,..,..,4502,3.99680397727273,4.45022395607571,3.55321972342506,1.05400821370478,..,..,..,..,..,..,7,..,..,1.47327962209575,22.703
2018,YR2018,Moldova,MDA,0.275000005960464,0.409999996423721,20.6609992980957,12.414999961853,11309082555.1568,3189.35581212262,4.09716959076198,20.8269996643066,..,..,..,..,406697,11.4695563413512,13.8230125850445,8.91641089892179,-0.0933886780058336,13.84031,9.86318,17.92314,86.90614,86.45337,87.33351,3,3.4835000038147,2.47490000724792,0.0756451464841222,42.629
2018,YR2018,Monaco,MCO,..,..,..,..,..,..,..,..,..,..,..,..,..,..,..,..,0.752527100059372,..,..,11.38506,..,..,..,..,..,..,0.752527100059372,100
2018,YR2018,Mongolia,MNG,0.666999995708466,1.26400005817413,25.2029991149902,11.7869997024536,13009574620.6012,4103.69749259392,5.04517305200147,..,..,..,98.64889,98.18601,129457,4.08353878726245,4.70686962167869,3.44329268019753,1.796009979898,23.08864,..,30.38318,..,..,..,8,..,..,1.91587989993137,68.445
2018,YR2018,Montenegro,MNE,5.46600008010864,11.043999671936,24.8090000152588,7.13500022888184,5452173040.60434,8760.69228579702,4.85916116364655,32.8564987182617,..,..,98.27135,99.45047,93196,14.9749366447439,17.0413123678763,12.8624449083739,-0.00449901102173483,14.90056,..,..,..,..,..,8,15.2356996536255,15.0971002578735,0.499553804138663,66.813
2018,YR2018,Morocco,MAR,0.783999979496002,3.17499995231628,24.6679992675781,11.7580003738403,118495328198.08,3237.88336815666,1.64863051376007,..,..,..,64.59138,83.30135,2526689,7.0129048211122,7.43326270025623,6.58560766715977,1.25079496436022,28.74403,19.42453,26.80065,80.2262,76.58119,83.69787,4,..,..,2.12728534350062,62.453
2018,YR2018,Mozambique,MOZ,1.44799995422363,3.47099995613098,13.5109996795654,2.58400011062622,14457964380.8548,490.167582289902,0.299690689728877,..,..,..,..,..,852659,2.8907644574499,3.49877861128343,2.24584398865302,2.91345897465103,15.16804,..,55.27379,..,..,..,10,..,..,4.40559134724532,35.988
2018,YR2018,Myanmar,MMR,1.35399997234344,4.02799987792969,16.4379997253418,15.3170003890991,71214803377.8188,1325.95292370622,5.55580423747286,48.7083015441895,..,..,..,..,3106838,5.78464193257209,6.64037031246912,4.86479862125069,0.608482651749138,..,..,..,..,..,..,12,0.731800019741058,1.04449999332428,1.45248102186842,30.579
2018,YR2018,Namibia,NAM,3.1489999294281,5.7979998588562,30.3700008392334,6.98600006103516,14521711630.1744,5931.45388457263,-1.93795938927117,29.2280006408691,..,..,..,..,89019,3.63603168074514,4.4213663722311,2.80049674946105,1.88227929401189,..,..,..,..,..,..,10,21.1306991577148,18.5902996063232,3.95629680059715,50.032
2018,YR2018,Nauru,NRU,..,..,..,..,114718022.803078,9030.07106447406,-2.17144891030556,..,..,..,..,..,..,..,..,..,-1.34482089317817,..,..,..,..,..,..,..,..,..,-1.34482089317818,100
2018,YR2018,Nepal,NPL,0.358999997377396,1.75600004196167,19.7800006866455,6.625,28812491891.5812,1025.79835586617,4.54620926931204,..,..,..,59.72443,78.59134,1608781,5.72767077569198,5.71455870944002,5.74313356300983,1.6539802386854,..,..,..,..,..,..,7,..,..,3.72181839256581,19.74
2018,YR2018,Netherlands,NLD,2.32500004768372,5.34899997711182,25.0779991149902,6.05900001525879,913658465709.125,53024.0592130531,2.00369176512203,68.874397277832,..,..,..,..,3307699,19.1961926333387,20.5999506038654,17.7804563494867,0.580410753764695,..,..,..,..,..,..,4,3.72070002555847,3.95650005340576,1.0328482247068,91.49
2018,YR2018,New Caledonia,NCL,2.65000009536743,5.36800003051758,33.7750015258789,7.78800010681152,..,..,..,..,..,..,..,..,26060,9.17415792537671,9.66600500560974,8.68513289154404,1.31466608833004,..,..,..,..,..,..,..,..,..,1.92038485260425,70.683
2018,YR2018,New Zealand,NZL,4.13899993896484,7.97700023651123,30.3689994812012,9.36400032043457,205024937871.546,41966.0091846374,0.853999628220265,64.1865005493164,..,..,..,..,764699,15.6524245271741,16.4490802064611,14.8285315947267,1.89273580152215,..,..,..,..,..,..,1,4.146399974823,4.47090005874634,1.9759608353557,86.538
2018,YR2018,Nicaragua,NIC,2.6489999294281,7.12400007247925,19.0849990844727,13.0659999847412,13117859221.6626,2028.89689057351,-5.01561997474037,..,..,..,..,..,339278,5.24749744838026,5.91896929118945,4.55657330173087,1.25535796724705,..,..,..,..,..,..,7,..,..,1.63714154226712,58.522
2018,YR2018,Niger,NER,0.495000004768372,1.22000002861023,4.81199979782104,12.4469995498657,9239513529.65905,411.688942542622,1.23403883408567,..,..,..,..,..,582396,2.59500788269853,2.69836532103518,2.49266176691187,3.81686919885997,14.69914,..,..,..,..,..,3,..,..,4.27453510164545,16.425
2018,YR2018,Nigeria,NGA,1.72200000286102,4.2189998626709,11.1899995803833,11.9930000305176,397269616080.908,2028.18197017598,-0.665579081938176,..,..,..,52.65648,71.25571,5381418,2.74737700532743,2.92895294705937,2.57055965650483,2.58654585214901,..,..,..,..,..,..,8,..,..,4.2388468031755,50.344
2018,YR2018,North Macedonia,MKD,2.61999988555908,5.7649998664856,34.3489990234375,24.5219993591309,12672131053.1578,6083.71894832148,2.61717694488996,31.8320999145508,..,..,..,..,284744,13.6701813815648,15.1963911681623,12.1457295641719,0.0461949888093546,..,..,..,..,..,..,4,21.2947006225586,19.8673992156982,0.417819582823749,57.963
2018,YR2018,Northern Mariana Islands,MNP,..,..,..,..,..,..,..,..,..,..,..,..,..,..,..,..,0.564156497878011,..,..,..,..,..,..,..,..,..,0.660347974014229,91.618
2018,YR2018,Norway,NOR,0.989000022411346,2.48600006103516,30.5249996185303,6.69099998474121,434750937596.065,81807.198038676,0.732707179714055,54.3474006652832,..,..,..,..,906053,17.0492221563211,18.5260279050766,15.599985896439,0.705638419101121,..,..,..,..,..,..,4,4.03119993209839,3.5385000705719,1.16507119508555,82.248
2018,YR2018,Oman,OMN,0.768999993801117,1.31400001049042,40.2540016174316,5.44500017166138,79294928478.5436,16418.9269283158,-1.33327885057275,..,..,..,92.69399,96.98942,115559,2.39278695625796,3.6554408529362,1.73485788449385,3.44511796571903,..,10.21867,9.67394,106.666,102.4613,110.9722,4,..,..,4.60993724709811,84.539
2018,YR2018,Pakistan,PAK,0.104999996721745,1.68499994277954,26.2600002288818,14.0539999008179,312570060548.453,1472.89313366943,3.28462525679912,40.0390014648438,..,..,..,..,9152355,4.31277431133756,4.34885222794246,4.27875160519086,2.05587986968414,33.46339,20.68833,44.28277,42.78196,39.26601,46.02474,10,3.95510005950928,4.55030012130737,2.66867436174866,36.666
2018,YR2018,Palau,PLW,..,..,..,..,310111145,17317.872619646,4.41950075389515,..,..,..,..,..,..,..,..,..,0.554390332143348,..,..,..,..,..,..,8,..,..,1.26557268160659,79.93
2018,YR2018,Panama,PAN,1.5,3.38100004196167,24.3619995117188,9.63399982452393,65055100000,15575.0725482915,1.93696407326647,43.6306991577148,..,..,94.88172,95.96893,338524,8.10473107966757,8.68335634464581,7.52824765602523,1.69258054975119,..,..,..,..,..,..,5,3.13479995727539,4.96829986572266,2.20194448885616,67.709
2018,YR2018,Papua New Guinea,PNG,1.05999994277954,2.34800004959106,8.1899995803833,1.65100002288818,23431596214.0081,2722.60467940151,-1.53619358528428,..,..,..,..,..,296511,3.44526925145617,3.76141670489341,3.14197165898717,1.97476017811245,..,..,..,..,..,..,6,..,..,2.48481128452507,13.169
2018,YR2018,Paraguay,PRY,3,6.88100004196167,27.5440006256104,8.57900047302246,40842341774.2489,5871.46706441738,2.31169031890279,58.5500984191895,..,..,93.53171,94.51148,447290,6.43021500946081,6.82476265128604,6.04882770920052,1.28784451697628,..,..,..,..,..,..,7,5.2891001701355,7.51889991760254,1.751686209917,61.585
2018,YR2018,Peru,PER,2.3840000629425,5.18599987030029,21.3419990539551,8.79300022125244,222237570741.8,6947.2566270938,2.20519022936472,54.0256996154785,..,..,91.70311,97.12137,2587417,8.08839279183076,8.57111469284798,7.59953034594529,1.71824651729878,..,14.20042,17.38724,106.4454,103.6391,109.2718,8,5.54890012741089,7.46120023727417,1.95856462555465,77.907
2018,YR2018,Philippines,PHL,2.51200008392334,4.46700000762939,23.6389999389648,9.78400039672852,330910343610.956,3102.71336329931,4.77073894578564,35.701000213623,..,..,..,..,5463318,5.12256876829946,5.97300619445694,4.28104784101661,1.39613428041081,..,..,..,..,..,..,13,2.12689995765686,2.67810010910034,1.87696104447929,46.907
2018,YR2018,Poland,POL,2.51999998092651,5.28299999237061,43.298999786377,17.0470008850098,585782872331.589,15424.0460254454,5.13915914847654,35.0858001708984,..,..,..,..,6653012,17.5178167625452,20.6154300891841,14.2234217416407,0.00980074960984292,..,..,..,..,..,..,5,3.84389996528625,3.84739995002747,-0.0684271651373589,60.058
2018,YR2018,Portugal,PRT,2.95799994468689,6.45300006866455,33.5330009460449,15.0909996032715,237978938135.341,23145.7349562595,2.328778729513,34.179500579834,..,..,95.07252,97.35362,2257243,21.9538575375873,24.1733811299535,19.4845639709424,-0.180137490722825,..,..,..,..,..,..,6,6.56500005722046,7.43669986724854,0.680777146821279,65.211
2018,YR2018,Puerto Rico,PRI,1.25699996948242,6.04500007629395,23.2080001831055,8.8120002746582,101130900000,31651.3481514031,-1.04108061898415,..,..,..,..,..,596690,18.6748502103569,20.7999011461031,16.3349306661611,-3.98350008527716,..,..,..,..,..,..,6,..,..,-3.99313653825899,93.578
2018,YR2018,Qatar,QAT,0.35699999332428,0.263000011444092,62.3310012817383,6.63299989700317,192009340659.341,69026.4688025751,-0.645097948446391,68.7799987792969,..,..,..,..,38111,1.3700703387375,1.71284494284402,1.25862912030228,2.06868446561438,14.03418,11.04303,12.1676,..,..,..,7,0.0500000007450581,0.46000000834465,2.12618209810078,99.135
2018,YR2018,Romania,ROU,0.624000012874603,1.38300001621246,36.6920013427734,21.55299949646,239552516744.469,12301.1864034302,4.70266906871744,29.5013999938965,..,..,98.59977,99.10801,3571267,18.3387013938296,21.4068023029471,15.0999115683236,-0.581419208735541,..,..,..,..,..,..,6,4.71260023117065,3.48499989509583,-0.466532425866227,53.998
2018,YR2018,Russian Federation,RUS,0.866999983787537,1.79299998283386,37.5120010375977,15.6949996948242,1657553765580.67,11288.8724435206,2.26178050398569,34.1276016235352,..,..,99.73411,99.72516,21201732,14.6747083203719,18.3652394061229,10.4025045955845,-0.0129353844507104,..,..,..,..,..,..,4,4.91139984130859,4.7765998840332,0.176676487521682,74.433
2018,YR2018,Rwanda,RWA,0.0579999983310699,0.061999998986721,15.081000328064,2.98399996757507,9509003196.73999,772.967838382225,5.83604685678793,..,..,..,69.39454,77.5588,361455,2.9381960775388,3.39993594284209,2.46024148324821,2.6440088912302,24.74281,28.24773,59.50859,40.89606,43.27546,38.49434,5,..,..,3.14497754970116,17.211
2018,YR2018,Samoa,WSM,5.17000007629395,4.79099988937378,18.8640003204346,7.19399976730347,861494700.74813,4392.46775479595,0.324543036797394,..,..,..,99.24504,98.95609,9415,4.80041197375197,5.55344237352606,4.09916834180758,0.397464519045097,..,..,..,..,..,..,4,..,..,-0.740682249004035,18.243
2018,YR2018,San Marino,SMR,..,..,..,..,..,..,..,..,..,..,99.90191,99.93208,..,..,..,..,0.337998424249194,5.09655,5.84099,6.93061,67.85714,63.80208,71.49533,8,..,..,0.497460321188486,97.226
2018,YR2018,Sao Tome and Principe,STP,1.51699995994568,1.69200003147125,25.1350002288818,3.16100001335144,422296762.322469,2001.14090226164,0.741508910544624,..,..,..,89.51573,96.16268,6174,2.9256781090661,3.32704217604492,2.52384154252649,1.88421735403656,..,..,..,..,..,..,6,..,..,3.03783523527372,72.803
2018,YR2018,Saudi Arabia,SAU,0.207000002264977,2.13700008392334,28.1459999084473,2.02800011634827,782483466666.667,23219.1304831033,0.392688314627335,19.2800006866455,..,..,..,..,1116846,3.31408802294981,3.65008481749681,3.06543640838103,1.79887529985771,18.9733,..,13.81495,..,..,..,11,2.94000005722046,22.5599994659424,2.06400437868026,83.844
2018,YR2018,Senegal,SEN,0.432000011205673,1.12300002574921,18.6560001373291,5.72300004959106,24129599551.8342,1521.9535542169,3.837062008446,..,..,..,..,..,489396,3.08682370101833,3.48325160393885,2.66977791874066,2.78193167027988,27.94423,..,36.31817,43.70155,45.74903,41.69052,4,..,..,3.74433871194062,47.192
2018,YR2018,Serbia,SRB,2.09999990463257,4.30999994277954,31.8169994354248,16.7670001983643,50508366849.6463,7233.99587424704,4.88101270240581,30.0020999908447,..,..,97.54816,99.07627,1280919,18.3457926916963,20.4767218606474,16.1276022629553,-0.553799324424721,22.06857,7.946,14.2927,95.08724,95.56466,94.63583,5,11.961799621582,13.6998996734619,-0.286002271188501,56.092
2018,YR2018,Seychelles,SYC,..,..,..,..,1590180446.19384,16433.9352865158,2.64314769997245,..,..,..,96.3502,95.41176,7349,7.59454560435034,8.93926885544336,6.31857661524883,0.954291917891324,17.54688,10.7789,14.48826,81.44791,84.19527,78.80993,9,..,..,1.71547823651628,56.691
2018,YR2018,Sierra Leone,SLE,2.98200011253357,2.39000010490417,10.2419996261597,1.35800004005432,3999945202.44328,522.858128404118,1.53516359826047,..,..,..,34.85203,51.64688,226946,2.96655621131612,3.37999745458946,2.55123634721658,2.13664820752458,..,..,27.52246,..,..,..,5,..,..,3.13795496287595,42.055
2018,YR2018,Singapore,SGP,2.8199999332428,6.45300006866455,20.5200004577637,11.7919998168945,364156657769.87,64581.9440183954,2.65615000756203,38.1300010681152,..,..,95.91941,98.8509,646383,11.4633801933791,12.7534423404781,10.2886097455356,0.469704298714121,..,..,..,..,..,..,2,..,..,0.469704298714121,100
2018,YR2018,Sint Maarten (Dutch part),SXM,..,..,..,..,..,..,..,..,..,..,..,..,..,..,..,..,0.196976475763271,..,..,..,..,..,..,..,..,..,0.196976475763249,100
2018,YR2018,Slovak Republic,SVK,1.91799998283386,4.26100015640259,50.2610015869141,21.0879993438721,106472189680.752,19546.9019028513,3.96036908659305,32.2882995605469,..,..,..,..,851327,15.629246504777,18.4668768003292,12.6345707923298,0.142914342882467,..,..,..,..,..,..,8,6.13180017471313,7.02740001678467,0.0963743789875457,53.726
2018,YR2018,Slovenia,SVN,2.40499997138977,5.02699995040894,45.2639999389648,18.8409996032715,54235484383.0673,26234.0228962506,4.4374881245335,38.5564002990723,..,..,..,..,405347,19.6068796541788,22.4262533129377,16.7599289240034,0.0476079897519612,..,..,..,..,..,..,3,4.60139989852905,5.6971001625061,0.540139042106086,54.541
2018,YR2018,Solomon Islands,SLB,0.671999990940094,1.74199998378754,10.831000328064,6.84299993515015,1411904531.44787,2162.65180398781,0.721935210403885,..,..,..,..,..,23496,3.59895045928894,3.75340049671402,3.44904457639322,2.61013377594308,..,..,25.41046,..,..,..,7,..,..,4.57865593914816,23.749
2018,YR2018,Somalia,SOM,0.792999982833862,1.98500001430511,7.13600015640259,3.71700000762939,4721000393.39885,314.562363459147,..,..,..,..,..,..,431231,2.87331094294556,2.97651846872314,2.76953845746829,2.83176765182727,..,..,..,..,..,..,9,..,..,4.12987489711823,44.971
2018,YR2018,South Africa,ZAF,2.66499996185303,7.60799980163574,31.9220008850098,12.1350002288818,368288203086.63,6374.01544590635,-0.572080196712221,25.4452991485596,..,..,..,..,3072723,5.31800500542302,6.32929983919748,4.27792953685043,1.35769728766652,..,..,..,..,..,..,7,25.1481990814209,29.0592994689941,2.12166554916762,66.355
2018,YR2018,South Sudan,SSD,0.652999997138977,4.86100006103516,23.2870006561279,7.16800022125244,..,..,..,..,..,..,28.86426,40.26481,373015,3.39848287985152,3.66459815369442,3.13283417911366,0.595441569950834,..,..,..,..,..,..,12,..,..,1.9763657853536,19.615
2018,YR2018,Spain,ESP,3.36800003051758,6.50799989700317,29.0799999237061,8.6850004196167,1426189137596.58,30523.8592390474,2.29520592559058,32.9833984375,..,..,97.97378,98.92539,9054365,19.3785075224995,21.5748985518638,17.1046901913331,0.2797198925747,..,..,..,..,..,..,7,13.7187995910645,17.0233993530273,0.580216883205614,80.321
2018,YR2018,Sri Lanka,LKA,1.06599998474121,4.0479998588562,29.0739994049072,26.9029998779297,88900770857.6351,4102.48135014467,2.13274609638485,..,..,..,..,..,2269547,10.4732197537841,11.5919898193522,9.26370489550252,1.04839295829763,29.76096,..,..,..,..,..,7,..,..,1.5475740945304,18.476
2018,YR2018,St. Kitts and Nevis,KNA,..,..,..,..,1039875050.37037,19829.4283169728,2.22365420688611,..,..,..,..,..,..,..,..,..,0.757999915891058,..,..,..,..,..,..,7,..,..,0.765048048082071,30.776
2018,YR2018,St. Lucia,LCA,3.50999999046326,7.76000022888184,28.625,14.0319995880127,1876189777.77778,10315.0260751215,0.0810647371326922,..,..,..,..,..,17837,9.80653035642617,9.97725056873578,9.63384684081268,0.514822933775617,7.71379,11.14556,14.73909,89.36041,89.4392,89.28248,5,..,..,0.869159376872302,18.678
2018,YR2018,St. Martin (French part),MAF,..,..,..,..,..,..,..,..,..,..,..,..,..,..,..,..,1.9072966556036,..,..,..,..,..,..,..,..,..,..,..
2018,YR2018,St. Vincent and the Grenadines,VCT,4.13800001144409,7.28700017929077,30.3689994812012,7.27400016784668,813093984.074074,7377.67883199414,2.20049307521609,..,..,..,..,..,10569,9.58978686338024,9.89618866741652,9.2913160762456,0.348123621752864,..,13.8727,14.39258,107.2264,108.675,105.8749,7,..,..,1.14336909917966,52.198
2018,YR2018,Sudan,SDN,1.42999994754791,7.2960000038147,18.3999996185303,3.74499988555908,40851536133.7642,977.273635724417,-4.62984322829847,..,..,..,56.06323,65.43515,1496980,3.58116052825144,3.82852564454935,3.33331641200547,2.39226526455048,..,..,..,..,..,..,10,..,..,3.18053908883544,34.642
2018,YR2018,Suriname,SUR,0.690999984741211,2.6489999294281,34.0750007629395,8.28299999237061,3427269681.74204,5950.21394733953,1.02419054754857,..,..,..,92.71206,96.07404,39780,6.90636990225525,8.04221200988951,5.78303518712257,0.958587768978366,..,..,13.39335,82.26363,..,..,8,..,..,0.987514314107012,66.06
2018,YR2018,Sweden,SWE,1.49600005149841,5.51300001144409,28.0580005645752,6.98799991607666,551031682226.344,54111.9721723671,1.09767352622652,54.2271003723145,..,..,..,..,2046362,20.0955249278002,21.5816856771574,18.6127365202349,1.23985370981945,..,..,..,..,..,..,3,6.39510011672974,6.29209995269775,1.56636617012416,87.431
2018,YR2018,Switzerland,CHE,3.34500002861023,7.92899990081787,29.261999130249,9.98400020599365,705501304688.699,82838.9294445761,1.76139310443017,67.9901962280273,..,..,..,..,1586054,18.6232165647717,20.3428899461344,16.8738725608036,0.762633818427414,..,..,..,..,..,..,6,4.36700010299683,5.10900020599365,0.811419635872878,73.797
2018,YR2018,Syrian Arab Republic,SYR,1.06700003147125,5.16200017929077,31.5930004119873,10.5719995498657,..,..,..,..,..,..,..,..,761311,4.50312442147583,4.87766390172596,4.1314377106432,-0.952015451839186,..,..,..,..,..,..,7,..,..,0.277775495777377,54.162
2018,YR2018,Tajikistan,TJK,0.109999999403954,0.570999979972839,22.4720001220703,4.79300022125244,7522947810.12326,826.621530538704,4.69946434079498,..,..,..,..,..,275017,3.02188755207627,3.24486227185566,2.80256426239098,2.45346505862171,..,..,..,..,..,..,4,..,..,3.01521456211187,27.134
2018,YR2018,Tanzania,TZA,1.6690000295639,3.75099992752075,10.664999961853,3.28399991989136,57437073927.1796,1050.67525379846,2.11505515987722,..,..,..,..,..,1465009,2.60129917835952,3.01145825320924,2.19033734219814,2.98167411522997,..,20.86254,50.63304,29.43508,30.12852,28.75113,10,..,..,5.14548786390949,33.776
2018,YR2018,Thailand,THA,1.46899998188019,4.03499984741211,26.3290004730225,20.2329998016357,504992757704.997,7273.56320732092,3.80126980966607,41.6287002563477,..,..,..,..,8262614,11.9008931395893,13.070383428671,10.6706231138268,0.3154482592337,..,..,..,..,..,..,5,..,..,1.82633349063983,49.949
2018,YR2018,Timor-Leste,TLS,1.62100005149841,1.66600000858307,10.3640003204346,7.41200017929077,2581000000,2035.53390768881,0.810280798817004,..,..,..,64.21094,71.86872,54732,4.31649229400603,4.67086893916804,3.9703270947829,1.96810074007246,..,26.54835,26.94886,83.61746,87.02535,80.30131,6,..,..,3.17214092895255,30.578
2018,YR2018,Togo,TGO,0.906000018119812,2.16199994087219,17.9790000915527,21.0330009460449,5300214337.17579,671.840687558773,2.34988406471244,..,..,..,..,..,226375,2.86946801108822,3.09471683896942,2.64186607486719,2.44590420703926,21.33152,..,40.14504,..,..,..,4,..,..,3.74927250235742,41.702
2018,YR2018,Tonga,TON,0.897000014781952,1.26999998092651,14.1529998779297,55.0330009460449,450353313.884584,4364.01556134949,-0.865341046735864,..,..,..,99.47503,99.35098,6144,5.95366144364662,6.43585468925677,5.47923972642551,1.16865776085892,..,..,..,..,..,..,4,..,..,1.00207145617146,23.131
2018,YR2018,Trinidad and Tobago,TTO,2.87100005149841,7.16900014877319,38.2719993591309,12.5299997329712,23410353434.6523,16843.701611713,0.280784372425231,..,..,..,..,..,149201,10.7349535163324,11.7247087702432,9.7208104825674,0.417170468699778,..,..,..,..,..,..,7,..,..,0.377615186799853,53.184
2018,YR2018,Tunisia,TUN,3.15300011634827,8.39900016784668,32.6529998779297,33.4290008544922,39860715814.4238,3446.60723792022,1.33750184218951,..,..,..,..,..,961725,8.31567907898877,9.08001993431004,7.53854994832559,1.14582776626243,..,..,16.87168,..,..,..,6,12.5015001296997,22.7609004974365,1.58627763614229,68.945
2018,YR2018,Turkey,TUR,1.31500005722046,6.04500007629395,31.3610000610352,15.4899997711182,766509088837.579,9311.36611728167,1.04925988793052,43.8130989074707,..,..,..,..,6983357,8.4832129399716,9.61982576896459,7.31500024881849,1.49044486780679,..,..,..,..,..,..,7,9.50969982147217,13.7664003372192,2.15672688777234,75.143
2018,YR2018,Turkmenistan,TKM,1.10599994659424,2.48200011253357,37.7470016479492,28.2110004425049,40761142857.1429,6966.63541063077,4.50761616187347,..,..,..,..,..,258998,4.42663446194014,5.12882155691607,3.70278322256513,1.6064157574868,..,..,..,..,..,..,..,..,..,2.46291758371658,51.593
2018,YR2018,Turks and Caicos Islands,TCA,..,..,..,..,1022312010,27142.2277976902,3.74471268028005,..,..,..,..,..,..,..,..,..,1.47100807081477,..,10.06957,17.69231,..,..,..,..,..,..,1.77235125267118,93.098
2018,YR2018,Tuvalu,TUV,..,..,..,..,42587778.4724662,3700.71067713471,1.27085505735143,..,..,..,..,..,..,..,..,..,1.20641379268569,..,8.64286,15.57647,66.72794,71.19497,62.48507,..,..,..,2.58215404379904,62.387
2018,YR2018,Uganda,UGA,2.55999994277954,3.80200004577637,10.8409996032715,3.63199996948242,27476945526.013,643.139670191672,2.21467720346755,..,..,..,70.83806,82.65601,829251,1.94098692046317,2.30407943316335,1.566526354776,3.72138730033183,..,..,..,..,..,..,13,..,..,6.18266030087073,23.774
2018,YR2018,Ukraine,UKR,0.676999986171722,1.06700003147125,34.0260009765625,13.6709995269775,130832374404.882,3095.17358053586,3.86273257167309,33.6636009216309,..,..,..,..,7333571,16.4346864392016,20.3603891378939,11.883205000578,-0.46643010293891,10.32792,7.33711,12.98011,..,..,..,6,10.0417003631592,7.43389987945557,-0.313471501219992,69.352
2018,YR2018,United Arab Emirates,ARE,1.42900002002716,2.96399998664856,26.306999206543,6.06300020217896,414178897208.986,43004.9486462341,-0.0900572263244328,54.6043014526367,..,..,..,..,104496,1.08500098484481,1.20524271430067,1.03257954627275,1.50389675992433,..,..,..,..,..,..,2,1.33319997787476,5.93039989471436,1.82107565694154,86.522
2018,YR2018,United Kingdom,GBR,1.41999995708466,3.23499989509583,27.3729991912842,7.56699991226196,2825207947502.9,42491.3644350973,0.741644024801076,57.0919990539551,..,..,..,..,12231225,18.3958656741466,19.6896801408744,17.0690620907574,0.649023744823203,..,..,..,..,..,..,4,4.04510021209717,3.94039988517761,0.955255649617313,83.398
2018,YR2018,United States,USA,1.88499999046326,2.97300004959106,28.7749996185303,8.49499988555908,20494100000000,62641.0145699281,2.22182890954011,55.2155990600586,..,..,..,..,51717496,15.8076540556035,17.3183560235252,14.2651769230979,0.619431053430858,..,..,..,..,..,..,6,3.94679999351501,3.83769989013672,0.860433167185658,82.256
2018,YR2018,Uruguay,URY,2.67000007629395,5.20300006866455,28.2520008087158,9.11299991607666,59596885024.3487,17277.9701105496,1.24731254757151,47.7374000549316,..,..,99.00774,98.37136,510997,14.8145195308593,17.4848909152669,11.9549212617339,0.367502622828282,..,..,..,..,..,..,5,6.86149978637695,10.0720996856689,0.46615015300963,95.334
2018,YR2018,Uzbekistan,UZB,1.00100004673004,2.09100008010864,38.7029991149902,18.4549999237061,50499920318.2926,1532.37163919396,3.32480391811534,..,..,..,..,..,1456345,4.4191378781364,4.98750669804962,3.84753592906095,1.73486231625929,11.93428,..,21.50664,..,..,..,3,..,..,1.5923305117641,50.478
2018,YR2018,Vanuatu,VUT,1.07000005245209,1.81700003147125,9.67199993133545,2.44300007820129,887817896.301835,3033.40814644607,0.671832718327181,..,..,..,86.70609,88.30635,10654,3.64015306819735,3.53330190771961,3.7427822583362,2.48028072634676,..,..,..,..,..,..,7,..,..,2.92034606351093,25.274
2018,YR2018,"Venezuela, RB",VEN,1.59899997711182,4.74700021743774,27.6509990692139,10.746000289917,..,..,..,..,..,..,..,..,2097993,7.26698662012597,7.98845847421073,6.52812064097037,-1.78586485636739,..,..,..,..,..,..,20,..,..,-1.75751576829078,88.208
2018,YR2018,Vietnam,VNM,1.13699996471405,2.87700009346008,29.67799949646,21.6580009460449,244948445308.883,2563.82073058085,6.01808839754494,..,..,..,93.59671,96.45678,6950543,7.2749782978793,8.85851161477899,5.68513188016056,0.99271637481877,..,..,20.27696,..,..,..,8,..,..,2.97782069720955,35.919
2018,YR2018,Virgin Islands (U.S.),VIR,3.06699991226196,7.82600021362305,34.8400001525879,11.0769996643066,..,..,..,..,..,..,..,..,20634,19.2883072220099,20.5677118443347,17.8869137290349,-0.27165178086032,..,..,..,..,..,..,..,..,..,-0.148328887893162,95.721
2018,YR2018,West Bank and Gaza,PSE,1.91799998283386,7.36999988555908,34.4469985961914,11.7589998245239,14615900000,3198.86664447405,-1.61856449743397,33.176700592041,..,..,95.74195,98.65776,143163,3.13330573708009,3.35141491620002,2.92124800891261,2.5330114844554,27.87912,17.33404,24.45322,89.48775,93.89944,85.24379,10,25.0846996307373,51.2337989807129,2.88811868523477,76.164
2018,YR2018,"Yemen, Rep.",YEM,2.23200011253357,7.55200004577637,10.2609996795654,15.1929998397827,26914402223.7828,944.408499373419,-4.96800674719682,..,..,..,..,..,819699,2.87626975604452,3.15687424325444,2.59996264627597,2.35702251757589,..,..,..,..,..,..,6,..,..,4.08020880658667,36.642
2018,YR2018,Zambia,ZMB,0.239999994635582,0.356000006198883,16.9009990692139,3.9779999256134,26720073435.9014,1539.90015779907,0.815169498674109,..,..,..,83.08344,90.60118,364332,2.09967802593266,2.53061227284976,1.66007452379009,2.91280100356014,..,..,..,..,..,..,7,..,..,4.17297037539389,43.521
2018,YR2018,Zimbabwe,ZWE,0.305999994277954,0.638999998569489,12.0710000991821,2.1470000743866,31000519447.175,2146.99638487707,4.67202925903058,..,..,..,..,..,424438,2.93952365300113,3.61656220695735,2.19592072763969,1.41078272176006,..,..,..,..,..,..,9,..,..,1.32389222924462,32.209
2018,YR2018,Arab World,ARB,1.56676172113471,6.06844543535144,27.7246262284749,9.18718442927604,2781589257561.09,6626.13535671051,0.177434957898285,..,..,..,67.22897,81.35474,19133535,4.55787642361103,5.03439618015528,4.11454071134044,1.91591231602149,..,14.49976,20.78495,72.33986,69.82211,74.74961,7.18181818181818,..,..,2.40937764701108,58.9254185931391
2018,YR2018,Caribbean small states,CSS,2.43644744171397,5.24230484469727,28.612404183468,8.23603920874239,72930271172.9642,9910.39788515969,1.03128133988253,..,..,..,..,..,636430,8.79665874897365,9.34885443226668,8.23563620092836,0.601162817720862,..,15.1103,18.92805,86.47735,89.03225,84.0072,6.69230769230769,..,..,0.906128378096099,51.1993615776132
2018,YR2018,Central Europe and the Baltics,CEB,2.06724048704067,4.46601225870756,41.8448213245511,19.1912606073958,1631295964301.68,15913.2316756453,4.54205378390036,32.6604542319009,..,..,..,..,18923822,18.4601184961471,21.6704619139154,15.0368249865734,-0.220882354790533,..,10.02635,12.66168,101.8837,101.2976,102.4406,5.63636363636364,4.32830608454824,4.2956316980885,-0.0870039053873768,62.3320760627627
2018,YR2018,Early-demographic dividend,EAR,1.22548685314058,3.37695689507532,25.844303141788,15.1233030422546,11638828132484.6,3581.45598277422,2.75570911281294,33.264714865952,..,..,73.60423,84.9596,189028683,5.8178056840413,6.31137674381006,5.34222349078619,1.30806354112624,..,21.40841,27.85282,74.49043,75.01063,74.00831,8.29508196721311,5.47194632565902,6.44987528845161,2.22363694281347,45.1312566986719
2018,YR2018,East Asia & Pacific,EAS,1.67723912789071,4.00030925709125,28.1980332222839,23.6968865510727,25918289434655.4,11132.2296645573,3.57940328012241,..,..,..,93.93963,97.25485,250129513,10.7443580041224,11.8489698123579,9.66986681840589,0.605775424177608,..,14.75977,17.53589,84.83718,85.58041,84.16578,6.3448275862069,..,..,2.08595122161969,59.0527886714373
2018,YR2018,East Asia & Pacific (excluding high income),EAP,1.7164637893161,4.02745701028219,27.7027287861524,24.9102749950801,16279999801740.6,7820.71227950796,5.63458483789165,..,..,..,94.19083,97.51447,197665493,9.49623787364322,10.4252811803472,8.59838154086908,0.652568917370559,..,14.98305,17.66661,83.66709,84.52948,82.8905,7.6,..,..,2.42749593446636,55.6335882382637
2018,YR2018,East Asia & Pacific (IDA & IBRD countries),TEA,1.7384192369753,4.05829654455887,27.8168793574836,25.0805061504448,16248767389147.8,7902.8493462945,5.63216709493153,..,..,..,94.11664,97.48526,195280540,9.49824756454622,10.4063770215489,8.62145337471627,0.654850956051334,..,14.95966,17.64651,83.54673,84.41218,82.76804,7.61904761904762,..,..,2.45005591699648,55.5550920185359
2018,YR2018,Euro area,EMU,2.72761905888297,6.3604119565475,33.4528723058686,11.3177529524434,13675599697568.1,40012.5016616692,1.72592497811432,40.1089350529235,..,..,..,..,70408316,20.6002875939103,22.8367950708739,18.2634180710423,0.181381489078262,..,11.42415,13.203,108.4108,107.9694,108.8267,5.21052631578947,7.85115231233843,8.57007433719248,0.470838245105014,76.9917327106284
2018,YR2018,Europe & Central Asia,ECS,1.92882323442105,4.52760905376664,34.0001215566436,13.2165738357616,23041491391744.6,25077.9844815249,1.74183254215646,40.6139436597453,..,..,97.88237,98.83254,149843891,16.3488906043948,18.7099875408437,13.8385119534955,0.368511547343985,..,11.08115,14.86965,105.1224,104.4102,105.7977,5.12244897959184,6.79829900625005,7.01603316443698,0.635952756934202,72.1835105010589
2018,YR2018,Europe & Central Asia (excluding high income),ECA,1.24251388571597,3.05129195944761,34.4747119257828,15.5528256794038,3394924024495.23,8125.76906050685,2.25439649032013,37.0152876288008,..,..,98.51828,99.54427,50109639,12.0469773953365,14.707307404258,9.14968546342599,0.501868443754063,..,10.48524,18.39211,98.80405,97.52831,100.0163,4.9,7.07435669558583,6.81534873296818,0.769007204376379,66.9473805143823
2018,YR2018,Europe & Central Asia (IDA & IBRD countries),TEC,1.37490495851045,3.27349566487623,35.2762688234837,15.6679321662278,4041512556263.03,8788.4721703679,2.6208506511817,36.7943300748,..,..,98.50061,99.52141,57598747,12.5755989186922,15.272147567538,9.64493725300895,0.448856881531185,..,10.3459,17.06837,99.3929,98.11138,100.6112,5.04545454545455,6.74927269803437,6.53510471459757,0.696846839311107,66.2868323125935
2018,YR2018,European Union,EUU,2.38125337472773,5.53979642247524,33.8897050377321,12.0393752169097,18756100690153.4,36546.3996894278,1.80872021335121,41.8002491054241,..,..,..,..,102306628,19.9345216836279,22.1827609369966,17.587299226245,0.199586639438238,..,11.79284,13.29708,110.6269,110.5548,110.6952,5.39285714285714,6.60273938715531,7.06714225557961,0.49064563833177,75.6656484657532
2018,YR2018,Fragile and conflict affected situations,FCS,0.9689308607352,3.3543583303043,16.3470360806428,7.32142800372708,832471154639.994,1615.77136201003,0.145205139232772,..,..,..,56.20891,71.53458,17713227,3.45084801162229,3.83073225786537,3.06854180123249,2.20120684981846,..,19.02135,30.49175,47.4289,42.38706,52.36763,7.57142857142857,..,..,3.21493122664771,41.5068290622002
2018,YR2018,Heavily indebted poor countries (HIPC),HPC,1.20467543729063,2.87365486745797,14.0930595547008,8.28512242916154,727255209281.288,932.098358760775,1.28427309081978,..,..,..,55.48133,69.98758,23628692,3.02840923793326,3.35420284336283,2.70089927417162,2.78329756962958,..,21.37058,39.66142,41.21096,37.88848,44.47756,7.30769230769231,..,..,4.12525150962479,36.0084652627508
2018,YR2018,High income,HIC,2.01377871536036,4.30603010748393,31.7107491996818,10.739779796559,54118794268746.9,44714.7410714592,1.70472000906901,47.0125932318943,..,..,..,..,216888374,17.9320439329727,20.0083228792022,15.8384422899972,0.488412288351611,..,12.63098,14.03652,105.7531,105.0239,106.4459,5.37931034482759,4.92591515846335,5.45440945069954,0.711902907018725,81.3349783647456
2018,YR2018,IBRD only,IBD,1.69970967427554,3.75940734363023,28.2206899839803,21.0863538688368,30466767138226.6,6383.67595205185,3.71581886956261,..,..,..,85.79008,92.28275,404863045,8.48378013902042,9.45627525879535,7.5369905171609,0.870067094488618,..,17.23354,21.996,83.36442,84.0251,82.76125,7.71212121212121,..,..,2.00193050788667,55.0124279996674
2018,YR2018,IDA & IBRD total,IBT,1.61535497833067,3.66480995357624,25.9816443330479,18.4503449588188,32672447529304.4,5094.78061180173,3.33278551242024,..,..,..,80.05061,88.32628,463143690,7.22482074084979,8.00730030430817,6.45857893547049,1.22308003639482,..,18.02335,25.328,71.9927,71.52855,72.42458,7.31914893617021,..,..,2.30378239267776,50.4222017748257
2018,YR2018,IDA blend,IDB,2.17551077473594,2.90447478976432,20.9587185566336,11.0855304532118,991212192923.733,1783.29905551662,1.23619481795829,..,..,..,58.28596,75.69121,19445231,3.4988603827318,3.70396126310452,3.29938576521822,2.26386784289691,..,18.86477,34.26502,48.10633,45.36359,50.71425,7,..,..,3.39812348611605,42.3804250236419
2018,YR2018,IDA only,IDX,1.03280980836934,3.51871411052597,16.2539572365288,9.75452503650909,1222271018650.91,1127.13255913186,2.72553056330689,..,..,..,59.68649,72.53029,38835414,3.58759259082614,3.90037728111558,3.27221227702418,2.26462875496642,..,23.53348,35.97722,47.85161,46.16495,49.50134,6.96551724137931,..,..,3.77764985232936,34.3159699173835
2018,YR2018,IDA total,IDA,1.34886139274109,3.31858729807347,17.7868270065312,10.1226584179779,2214471555511.12,1350.09150632411,1.98574559473683,..,..,..,59.21781,73.61888,58280645,3.55749115143391,3.83453956371218,3.28154003741771,2.26437090198088,..,21.68306,35.45098,47.91952,45.86932,49.90544,6.97333333333333,..,..,3.63004703562862,37.0518650600215
2018,YR2018,Late-demographic dividend,LTE,1.82131814164628,4.0794098978889,29.3837053710635,23.7181555038689,22170288242255.8,9686.99172385768,4.27325651389381,..,..,..,94.84279,97.45938,245419442,10.7232529863456,12.0527019496631,9.41988727362252,0.542394417847532,..,13.50771,17.16688,89.19515,89.90353,88.55396,5.66666666666667,..,..,1.94412075275304,62.4450990246255
2018,YR2018,Latin America & Caribbean,LCN,2.61591350592264,5.47673996916828,27.1086222982931,12.0283683502246,5787292630122.98,9023.50482339477,0.510894410193472,49.4564768436616,..,..,93.44784,94.30852,54091560,8.43830607177221,9.32050244901278,7.52757194688356,0.941967091541571,..,16.4962,21.30215,95.94882,97.93028,94.03574,8.18181818181818,7.28006908053661,9.97422483208805,1.2424849370406,80.5832909863671
2018,YR2018,Latin America & Caribbean (excluding high income),LAC,2.62689735355373,5.48188785197356,26.9779589149392,12.1274291799715,5193396903833.44,8527.55021502256,0.455120382733028,50.0068656064896,..,..,92.8302,93.81777,50193307,8.24270282039559,9.08948687790779,7.36876456548918,0.954793338629315,..,16.60104,21.57,95.91637,97.90873,93.99221,8.70833333333333,7.33891739162574,10.0852671249843,1.26961444957479,80.4016255969999
2018,YR2018,Latin America & the Caribbean (IDA & IBRD countries),TLA,2.65382222128762,5.54656644428351,27.2419177462013,12.0746223277826,5555732855564.57,8881.07710477437,0.57380948369871,49.460755192204,..,..,93.32517,94.20759,51638103,8.25620923692216,9.12528830166132,7.35907489949474,0.986256835555693,..,16.65098,21.69085,95.95598,97.94394,94.03561,8.3,7.28006908053661,9.97422483208805,1.29639279021032,80.6014123164288
2018,YR2018,Least developed countries: UN classification,LDC,0.924234896003198,3.35631393097604,15.8840569954348,9.15763113573615,1053134397080.74,1043.05578915963,1.82042520222619,..,..,..,58.09787,71.79852,35744163,3.5402491059174,3.85184443357208,3.22522610777386,2.36195486563658,..,24.74825,37.15033,46.40859,44.48205,48.29697,7.30434782608696,..,..,3.99627344894107,33.568060082099
2018,YR2018,Low & middle income,LMY,1.59142709543397,3.63536722424027,25.818172224362,18.4621990817958,31716818519203.7,4967.88274412038,3.33495250950797,..,..,..,79.81951,88.21015,456730553,7.15665123057303,7.92480606228502,6.40478218250642,1.22725078434512,..,18.11664,25.44687,71.89608,71.43701,72.3232,7.36363636363636,..,..,2.31675355376355,50.3278442398155
2018,YR2018,Low income,LIC,0.863049183759897,2.34446352188622,14.1524567336216,8.01224638673887,573349332215.685,812.780343134905,2.27516541512658,..,..,..,55.61861,71.1114,23216497,3.29117165297115,3.70219855479355,2.87452505177282,2.6136887459942,..,22.09153,39.82732,41.23453,37.70653,44.69902,7.1,..,..,4.02921973252168,32.5722038899212
2018,YR2018,Lower middle income,LMC,1.38466301603109,3.22079801959364,24.8484984963821,15.3743598982271,6707523521117.74,2218.89974912334,4.09749789563286,32.1967744058184,..,..,70.9349,83.38948,167148984,5.52941547318043,6.06628670758094,5.0133711442541,1.39143662337442,..,22.34035,28.87235,68.37509,68.24519,68.49518,7.70212765957447,5.00121453181741,4.84011880522843,2.58646366721477,40.5078897764183
2018,YR2018,Middle East & North Africa,MEA,1.57168399940556,5.78576475897631,29.949410876324,12.3845240152147,3616868655711.47,8056.95043748228,0.621995794309811,..,..,..,72.33609,85.0673,23263387,5.18216135597133,5.61120458486415,4.78278543978108,1.73541850837286,..,14.91591,21.32469,81.4368,78.86392,83.88837,7.04761904761905,..,..,2.23491890256228,65.3719743231147
2018,YR2018,Middle East & North Africa (excluding high income),MNA,1.76859012913983,6.82839638003796,29.3692281392239,14.7666397277219,..,..,..,..,..,..,69.41151,82.49586,20582368,5.37543637508798,5.69246114473416,5.06358799266924,1.6863669426656,..,16.20428,23.02361,77.6646,75.79043,79.45058,7.61538461538462,..,..,2.21748638385668,61.5905475175283
2018,YR2018,Middle East & North Africa (IDA & IBRD countries),TMN,1.76754380709845,6.8235507325283,29.3237980681136,14.7877023273125,..,..,..,..,..,..,69.12166,82.31167,20439205,5.40251473043988,5.72055018567981,5.08962681322035,1.67584329626051,..,16.17787,23.00915,77.4084,75.39607,79.32563,7.41666666666667,..,..,2.20688628446415,61.4145429982846
2018,YR2018,Middle income,MIC,1.69738115708113,3.76425700969649,26.9829311169525,19.9823096100204,31143015141249.8,5483.97202284359,3.50361212761123,..,..,..,82.35504,89.90774,433514056,7.63701466475014,8.45999375436287,6.83497764263999,1.05763212689602,..,17.83669,23.67467,76.88293,77.10224,76.68066,7.44117647058824,..,..,2.18714967299741,52.5342574698536
2018,YR2018,North America,NAC,1.96290775719025,3.31481836903492,28.8422253452657,8.48461219738057,22213254904898.5,60976.8019239716,2.0456093817001,55.9680311890343,..,..,..,..,58103481,15.9525773634698,17.4403855259573,14.4343435707892,0.701862096885051,..,14.93963,14.42524,100.1982,100.0157,100.3729,4,4.18211312599455,4.02387874443194,0.927243397336653,82.1731548388538
2018,YR2018,Not classified,INX,..,..,..,..,..,..,..,..,..,..,..,..,..,..,..,..,..,..,..,..,..,..,..,..,..,..,..,..
2018,YR2018,OECD members,OED,2.04473714855275,4.67284616112527,31.5599312071176,11.3590416263397,52610141097058.8,40359.7639124304,1.63753580438744,47.330318345453,..,..,..,..,223146231,17.1186184107216,18.9123119641689,15.266058411168,0.563458637020148,..,13.67666,15.32034,105.5306,105.5561,105.5064,5,5.17465456552384,5.45034286911317,0.811305320793537,80.5933075710504
2018,YR2018,Other small states,OSS,1.67642073999416,2.63777309963995,32.6546733838438,9.38175738759573,451603892664.321,14682.013529909,0.117118185359871,..,..,..,81.74337,86.92557,1687570,5.49246578300642,6.70028107352348,4.42726938501635,2.0239246669851,..,13.96217,22.81707,68.40531,69.3957,67.45182,7.34615384615385,..,..,2.8407582309337,62.1180381474502
2018,YR2018,Pacific island small states,PSS,1.01948180524633,1.67794311291429,13.3286995005611,8.95201072327294,10302802236.0798,4192.61845547684,2.08491462463765,..,..,..,..,..,106937,4.53731737663538,4.95834723713497,4.1283873649928,1.45663696499629,..,..,23.07468,..,..,..,6.66666666666667,..,..,2.1171380168681,38.7813441179116
2018,YR2018,Post-demographic dividend,PST,1.94666345866455,4.22312157499283,31.1694588229814,10.6833387315371,50027698383141,45070.1092696658,1.75759446576558,48.3696934193636,..,..,..,..,210394622,18.9545169673224,20.9950931317673,16.8387776154396,0.358224317829254,..,12.57776,14.12635,104.5585,104.3034,104.8005,5.36111111111111,5.32829437459831,5.37646900340405,0.583357579855146,81.2806947844979
2018,YR2018,Pre-demographic dividend,PRE,1.86343928383276,3.45833766462329,13.7960402670803,7.34675162641255,1312964898976.3,1427.93448267025,-0.570669425282489,..,..,..,54.83552,70.6175,25320915,2.75381363776434,3.04622732216847,2.46170969366854,2.79176218538421,..,20.52323,35.41248,41.79851,37.67523,45.84135,7.24324324324324,..,..,4.17173486318686,41.2269515142477
2018,YR2018,Small states,SST,1.80689251265898,3.0441833836181,31.016809760097,9.11356318177642,535696447679.29,13202.5190307007,0.378890745145014,..,..,..,84.50717,87.73817,2430937,6.02956944874001,7.0977561044034,5.05775923424923,1.72854420948407,..,14.52619,22.18372,71.59381,72.90704,70.33123,7.04166666666667,..,..,2.50095951009364,58.7244240705329
2018,YR2018,South Asia,SAS,0.504030190635144,2.26557750268506,25.746674533406,17.4252018583693,3457801122272.87,1905.76640960073,5.50230445872579,28.5359211320069,..,..,63.72935,80.31286,105970472,5.84056048177619,6.23560763070739,5.47057679492855,1.20218138817778,..,27.19053,33.24669,69.29614,69.43014,69.17482,7.625,5.16552921498452,5.20742051262885,2.49335753001212,33.9923612456427
2018,YR2018,South Asia (IDA & IBRD),TSA,0.504030190635144,2.26557750268506,25.746674533406,17.4252018583693,3457801122272.87,1905.76640960073,5.50230445872579,28.5359211320069,..,..,63.72935,80.31286,105970472,5.84056048177619,6.23560763070739,5.47057679492855,1.20218138817778,..,27.19053,33.24669,69.29614,69.43014,69.17482,7.625,5.16552921498452,5.20742051262885,2.49335753001212,33.9923612456427
2018,YR2018,Sub-Saharan Africa,SSF,1.72989073710361,3.43436765637404,14.0357107621931,8.00831143310143,1699461795349.79,1574.19787081992,-0.301673919302331,..,..,..,58.80101,72.54938,32216623,2.98770560654484,3.33013966203219,2.64371560660052,2.68083126790228,..,21.60546,37.36194,43.40879,40.731,46.04167,7.54166666666667,..,..,4.05914397581759,40.1768233729515
2018,YR2018,Sub-Saharan Africa (excluding high income),SSA,1.72989073710361,3.43436765637404,14.0357107621931,8.00831143310143,1697871240842.69,1572.86396034076,-0.30277544747976,..,..,..,58.7967,72.54654,32209274,2.98729217395572,3.32965093492737,2.643376168427,2.68098843916147,..,21.60801,37.36509,43.40641,40.7283,46.03959,7.51063829787234,..,..,4.05944564388385,40.175341337803
2018,YR2018,Sub-Saharan Africa (IDA & IBRD countries),TSS,1.72989073710361,3.43436765637404,14.0357107621931,8.00831143310143,1699461795349.79,1574.19787081992,-0.301673919302345,..,..,..,58.80101,72.54938,32216623,2.98770560654484,3.33013966203219,2.64371560660052,2.68083126790228,..,21.60546,37.36194,43.40879,40.731,46.04167,7.54166666666667,..,..,4.05914397581759,40.1768233729515
2018,YR2018,Upper middle income,UMC,1.90155993936129,4.35256428465651,29.2935051647862,22.9909152438446,24435128586598.2,9200.4539541089,3.59630972350271,..,..,..,93.74047,96.63746,266365072,10.0379487990588,11.1462370981547,8.94072037854586,0.680328005242245,..,14.16773,18.39381,91.51,92.38136,90.70966,7.21818181818182,..,..,1.91079593458032,66.2333682980853
2018,YR2018,World,WLD,1.67578598434535,3.74360305082027,26.7691536422173,16.9197527411758,85804390603622,11298.3037067153,1.90794569558348,..,..,..,82.76805,89.83819,673618927,8.87344224397751,9.87435548569241,7.88911124152486,1.10877387593369,..,16.9982,23.44631,75.56108,75.10783,75.98374,6.75789473684211,..,..,1.93571477637616,55.2705785486132
,,,,,,,,,,,,,,,,,,,,,,,,,,,,,,,
,,,,,,,,,,,,,,,,,,,,,,,,,,,,,,,
,,,,,,,,,,,,,,,,,,,,,,,,,,,,,,,
Data from database: World Development Indicators,,,,,,,,,,,,,,,,,,,,,,,,,,,,,,,
Last Updated: 10/16/2019,,,,,,,,,,,,,,,,,,,,,,,,,,,,,,,
